Id1	Id2	Count
GbLB9aAAAAAJ	No-GJRQAAAAJ	2
qYbgZYgAAAAJ	yOJ8F4gAAAAJ	1
XLU7AuYAAAAJ	AsMU1QsAAAAJ	2
yvvjnhIAAAAJ	yxUduqMAAAAJ	1
nM77MX0AAAAJ	pHox8i0AAAAJ	1
qC7oNRUAAAAJ	xITAf6EAAAAJ	20
DYZsiAIAAAAJ	SSb4uV4AAAAJ	9
54w2_AcAAAAJ	XeYCNAwAAAAJ	1
JSFmVQEAAAAJ	nM77MX0AAAAJ	1
3bSbb20AAAAJ	BAdQpFkAAAAJ	2
HRSDO6IAAAAJ	bWTPrLEAAAAJ	1
No-GJRQAAAAJ	klpr-t0AAAAJ	1
ptI-HHkAAAAJ	PEEpuNwAAAAJ	13
NByrsK0AAAAJ	KQmFXsoAAAAJ	25
30pCSfEAAAAJ	33CH6WUAAAAJ	4
WZ-h67UAAAAJ	2VMMsmsAAAAJ	4
bh-uRFMAAAAJ	1c5IZ0QAAAAJ	4
f2x233wAAAAJ	UK-VpDoAAAAJ	1
4VJre9IAAAAJ	4xHzvxkAAAAJ	5
HleefHQAAAAJ	tCq7Wx0AAAAJ	5
HaNGX5gAAAAJ	RJCmtBcAAAAJ	2
cA28Zs0AAAAJ	rnBRPpQAAAAJ	4
TL3wdfgAAAAJ	wSPgTVwAAAAJ	1
jKrIVCIAAAAJ	DWKoeW0AAAAJ	1
nM77MX0AAAAJ	cPmMoXoAAAAJ	1
f2x233wAAAAJ	YRPveMcAAAAJ	1
vXHA_XYAAAAJ	Rt1a5-6vh4UC	1
5Tw9egMAAAAJ	ClBxwZkAAAAJ	1
NSCF6GUAAAAJ	xxN4UiEAAAAJ	1
GbLB9aAAAAAJ	1o_wrqsAAAAJ	1
8Qu_gAMAAAAJ	CPqBDqUAAAAJ	1
cA28Zs0AAAAJ	6foKsAIAAAAJ	1
8kA3eDwAAAAJ	qPlUgrgAAAAJ	1
NByrsK0AAAAJ	fAw_t5EAAAAJ	6
7QbSKnMAAAAJ	rRBwhFwAAAAJ	2
fzSHXS8AAAAJ	Qhe5ua0AAAAJ	1
lnC1vbAAAAAJ	53HX4X8AAAAJ	10
oN85b_gAAAAJ	6Pmbv8IAAAAJ	1
oN85b_gAAAAJ	tyYtUNIAAAAJ	1
3ekS0ucAAAAJ	Js_zdpYAAAAJ	1
cA28Zs0AAAAJ	KQm_HnIAAAAJ	6
VVpfyhsAAAAJ	hmq4rGIAAAAJ	1
xITAf6EAAAAJ	qk0hejcAAAAJ	59
MO3BwFMAAAAJ	amDW89cAAAAJ	40
2nmHOtoAAAAJ	rynvwScAAAAJ	2
cA28Zs0AAAAJ	bh-uRFMAAAAJ	1
VdzVqCwAAAAJ	GHsoyKIAAAAJ	23
5ZpsRswAAAAJ	-iqhJgQAAAAJ	8
T1lNNLkAAAAJ	iTNcAakAAAAJ	59
KgZxzjsAAAAJ	8Qu_gAMAAAAJ	1
vuKTnnsAAAAJ	im5aMngAAAAJ	1
tiHMmkcAAAAJ	YJVAXCwAAAAJ	3
hgZgvkUAAAAJ	QgGaAdsAAAAJ	76
Z03FLwkAAAAJ	XeYCNAwAAAAJ	1
2X6fAZgAAAAJ	d6CtlCkAAAAJ	22
snf71h4AAAAJ	MCClSvsAAAAJ	1
Gu-FyNMAAAAJ	rcGnOdYAAAAJ	3
g_JVzmIAAAAJ	mFPXD90AAAAJ	1
CWj6pVcAAAAJ	BDZ2z6YAAAAJ	5
6_oL_9IAAAAJ	JQsX7rAAAAAJ	1
rnBRPpQAAAAJ	33CH6WUAAAAJ	38
qC7oNRUAAAAJ	n-Oret4AAAAJ	2
DYZsiAIAAAAJ	ZOh4TtIAAAAJ	6
6qDjHUAAAAAJ	Viv2E9AAAAAJ	12
L9dwKyUAAAAJ	gyL3CZ0AAAAJ	5
mZxsTCcAAAAJ	36SCzI0AAAAJ	1
CPqBDqUAAAAJ	J12C3nYAAAAJ	2
QLsTu80AAAAJ	ZmiirIwAAAAJ	1
JSFmVQEAAAAJ	bpSF_9EAAAAJ	1
yQXfAWMAAAAJ	0gkajvEAAAAJ	1
jDKM_4AAAAAJ	1qqf7D0AAAAJ	2
M3he9Y8AAAAJ	1guy5W4AAAAJ	1
UYZGdYwAAAAJ	2X6fAZgAAAAJ	1
g_JVzmIAAAAJ	GlBl-VUAAAAJ	8
MO3BwFMAAAAJ	_5tjpG0AAAAJ	1
jTzDAsIAAAAJ	_4i-G3YAAAAJ	3
0zZnyMEAAAAJ	SB3_eb0AAAAJ	1
p0tQZiAAAAAJ	YhFEmpMAAAAJ	11
wY-Wy6IAAAAJ	G8GezxgAAAAJ	1
p_QR9RUAAAAJ	nfeNsaoAAAAJ	27
2VMMsmsAAAAJ	8rw_o7UAAAAJ	2
PEEpuNwAAAAJ	q92q8SMAAAAJ	1
bh-uRFMAAAAJ	yxUduqMAAAAJ	1
0zZnyMEAAAAJ	KgZxzjsAAAAJ	1
VjETp_wAAAAJ	BIpt-3MAAAAJ	1
pWQGJWEAAAAJ	YhFEmpMAAAAJ	10
qoFYHTMAAAAJ	6qDjHUAAAAAJ	1
5V852JcAAAAJ	GUAoEcAAAAAJ	3
PfgeYGwAAAAJ	-DVbMb4AAAAJ	17
cA28Zs0AAAAJ	88L1-JYAAAAJ	2
JJ31S6UAAAAJ	toODfV4AAAAJ	14
3qYUSDwAAAAJ	MEc0TowAAAAJ	2
9s9o-JcAAAAJ	gWBoNCsAAAAJ	1
pWQGJWEAAAAJ	8_Yj_RwAAAAJ	1
fzSHXS8AAAAJ	nKVDcQoAAAAJ	1
4VJre9IAAAAJ	DSiNzkIAAAAJ	1
ftAplLUAAAAJ	BECu7wYAAAAJ	1
NByrsK0AAAAJ	CYwffSUAAAAJ	18
0v5utcwAAAAJ	oizZKrsAAAAJ	10
Pwd7hJYAAAAJ	3-y3qmkAAAAJ	2
cA28Zs0AAAAJ	2pW1g5IAAAAJ	1
wY-Wy6IAAAAJ	nfeNsaoAAAAJ	1
Q5KT-hEAAAAJ	Dl0vAp8AAAAJ	6
yepPD_cAAAAJ	VDhnOHEAAAAJ	5
NHZdlVkAAAAJ	30pCSfEAAAAJ	3
nM77MX0AAAAJ	nKVDcQoAAAAJ	1
QRyCQq4AAAAJ	MrVb9FkAAAAJ	6
6_oL_9IAAAAJ	2X6fAZgAAAAJ	1
GlBl-VUAAAAJ	5HX--AYAAAAJ	1
8VfMkGsAAAAJ	F2jhvIoAAAAJ	5
Q29WmWwAAAAJ	0RPdShUAAAAJ	15
6_oL_9IAAAAJ	JSFmVQEAAAAJ	3
vuKTnnsAAAAJ	5_2_THUAAAAJ	1
LiLwnssAAAAJ	j9EXF1AAAAAJ	25
DYZsiAIAAAAJ	PafZ2Z4AAAAJ	2
Viv2E9AAAAAJ	FDu4ciwAAAAJ	1
F6tblNcAAAAJ	GN3C9q4AAAAJ	1
PfgeYGwAAAAJ	PEEpuNwAAAAJ	3
iJakSYUAAAAJ	97MiT_0AAAAJ	1
HhKyc4EAAAAJ	qPlUgrgAAAAJ	1
Z_jPrx8AAAAJ	BkygZFsAAAAJ	1
4bHLr_IAAAAJ	E1knViwAAAAJ	2
F2jhvIoAAAAJ	BzzEEc0AAAAJ	2
NafmldkAAAAJ	bh-uRFMAAAAJ	1
T1P0XnIAAAAJ	iJakSYUAAAAJ	3
VP-d_2gAAAAJ	h9Tji70AAAAJ	6
YPq3ax4AAAAJ	H7vcwSAAAAAJ	1
2nmHOtoAAAAJ	HgaNy9kAAAAJ	2
YBQai3gAAAAJ	ptI-HHkAAAAJ	3
0v5utcwAAAAJ	aN4IwM4AAAAJ	2
_QU1opsAAAAJ	8ZtyZjAAAAAJ	1
MYqlcPgAAAAJ	Qf4bw4UAAAAJ	2
Cgx9W6UAAAAJ	hmq4rGIAAAAJ	5
8GA4R2wAAAAJ	KgZxzjsAAAAJ	2
RJCmtBcAAAAJ	DZ3S--MAAAAJ	1
pxp6lUEAAAAJ	L9dwKyUAAAAJ	5
cPmMoXoAAAAJ	Qhe5ua0AAAAJ	4
jTzDAsIAAAAJ	5c38WVcAAAAJ	1
0zZnyMEAAAAJ	8kA3eDwAAAAJ	1
UruIct4AAAAJ	-0LFOnYAAAAJ	12
GbLB9aAAAAAJ	L-pC28sAAAAJ	1
rynvwScAAAAJ	8kA3eDwAAAAJ	10
HgaNy9kAAAAJ	iNANm-sAAAAJ	13
snf71h4AAAAJ	cPmMoXoAAAAJ	2
KQm_HnIAAAAJ	M6urChQAAAAJ	6
-cuxoSQAAAAJ	5P3knO0AAAAJ	2
6k7bp8IAAAAJ	pHox8i0AAAAJ	1
M9RDPB0AAAAJ	uVBjUtAAAAAJ	1
Hzb4ZWEAAAAJ	5QYkLKoAAAAJ	4
bWOQjSIAAAAJ	QLsTu80AAAAJ	19
vzxeLyIAAAAJ	emsMY_sAAAAJ	3
cza7nLcAAAAJ	nKVDcQoAAAAJ	14
bsotxTgAAAAJ	tiHMmkcAAAAJ	5
J12C3nYAAAAJ	4xHzvxkAAAAJ	2
ctlAGI0AAAAJ	uASl5F0AAAAJ	5
Be1OTOcAAAAJ	ln3BGqgAAAAJ	1
JQsX7rAAAAAJ	Qhe5ua0AAAAJ	1
yiiVQ1MAAAAJ	BLDtWVEAAAAJ	5
6GB1kv8AAAAJ	2Qlrv_cAAAAJ	6
ZVMcyxYAAAAJ	CUkAtC4AAAAJ	5
BDZ2z6YAAAAJ	HUxQ1TAAAAAJ	18
WxJIpkcAAAAJ	8VfMkGsAAAAJ	27
4VJre9IAAAAJ	J12C3nYAAAAJ	2
1o_wrqsAAAAJ	eYVXgAoAAAAJ	3
ClBxwZkAAAAJ	cmedVkoAAAAJ	11
JepH3ckAAAAJ	oizZKrsAAAAJ	2
rnR3JrYAAAAJ	jTzDAsIAAAAJ	1
8Qu_gAMAAAAJ	97MiT_0AAAAJ	1
yepPD_cAAAAJ	MjoZWO8AAAAJ	2
oRlrVsAAAAAJ	5_2_THUAAAAJ	16
JSFmVQEAAAAJ	iNANm-sAAAAJ	3
tiHMmkcAAAAJ	HGTDp1UAAAAJ	3
NByrsK0AAAAJ	kR7DersAAAAJ	8
yvvjnhIAAAAJ	8GA4R2wAAAAJ	174
dHXCX-sAAAAJ	YOVZiJkAAAAJ	31
ftAplLUAAAAJ	zTedPdwAAAAJ	8
tCq7Wx0AAAAJ	enpgnuQAAAAJ	12
WL8igVEAAAAJ	Kv9AbjMAAAAJ	8
UnDfo6sAAAAJ	XLU7AuYAAAAJ	1
No-GJRQAAAAJ	1o_wrqsAAAAJ	5
XfYRqF4AAAAJ	0gkajvEAAAAJ	4
forPRN8AAAAJ	eYVXgAoAAAAJ	1
8iQk0DIAAAAJ	UruIct4AAAAJ	1
tpoh43QAAAAJ	tHNANpEAAAAJ	1
E1jnOcUAAAAJ	NHZdlVkAAAAJ	1
EYsanUcAAAAJ	JQsX7rAAAAAJ	1
g_JVzmIAAAAJ	VIwGymEAAAAJ	43
NByrsK0AAAAJ	4xHzvxkAAAAJ	1
2nmHOtoAAAAJ	nKVDcQoAAAAJ	1
2OJOZTUAAAAJ	qXb4xQMAAAAJ	1
kJ_03NMAAAAJ	rYsw7D4AAAAJ	1
nM77MX0AAAAJ	HgaNy9kAAAAJ	1
PfgeYGwAAAAJ	HRSDO6IAAAAJ	1
PfgeYGwAAAAJ	tpoh43QAAAAJ	3
C4m8TSUAAAAJ	J12C3nYAAAAJ	1
MYFF5l4AAAAJ	rQ8F7rIAAAAJ	9
yQXfAWMAAAAJ	NByrsK0AAAAJ	1
g_JVzmIAAAAJ	M9RDPB0AAAAJ	1
tCq7Wx0AAAAJ	x8UnxSoAAAAJ	1
b9Bod2MAAAAJ	h8NURnIAAAAJ	4
WV7XovQAAAAJ	G7pJdK4AAAAJ	1
WwadVmIAAAAJ	SRUYLREAAAAJ	15
p_QR9RUAAAAJ	XqI4gAYAAAAJ	15
cilyP7wAAAAJ	aPxDp7wAAAAJ	2
dHXCX-sAAAAJ	BAdQpFkAAAAJ	9
ftAplLUAAAAJ	TP-Jxn4AAAAJ	1
HhKyc4EAAAAJ	p0tQZiAAAAAJ	1
NHZdlVkAAAAJ	W362rUwAAAAJ	1
cA28Zs0AAAAJ	uBbYp8gAAAAJ	3
3ro8yF4AAAAJ	XfYRqF4AAAAJ	1
CYwffSUAAAAJ	W362rUwAAAAJ	6
vm1u2DEAAAAJ	BECu7wYAAAAJ	1
qC7oNRUAAAAJ	qk0hejcAAAAJ	12
n-Oret4AAAAJ	_4i-G3YAAAAJ	1
YOZbkCEAAAAJ	cA28Zs0AAAAJ	7
nKVDcQoAAAAJ	qPlUgrgAAAAJ	1
GbLB9aAAAAAJ	tyYtUNIAAAAJ	1
VVpfyhsAAAAJ	EYsanUcAAAAJ	1
jDKM_4AAAAAJ	8Qu_gAMAAAAJ	1
hc1m_BQAAAAJ	pHox8i0AAAAJ	21
mIZu9oQAAAAJ	4VJre9IAAAAJ	1
E1jnOcUAAAAJ	tCq7Wx0AAAAJ	1
8Qu_gAMAAAAJ	iJakSYUAAAAJ	1
Nq_T4UwAAAAJ	YJVAXCwAAAAJ	1
54w2_AcAAAAJ	G7D5O-0AAAAJ	1
NHZdlVkAAAAJ	ptI-HHkAAAAJ	26
BAdQpFkAAAAJ	8Qu_gAMAAAAJ	1
6yoY1d8AAAAJ	1dxAw1cAAAAJ	3
5Tw9egMAAAAJ	zTedPdwAAAAJ	1
rQ8F7rIAAAAJ	z17wdcsAAAAJ	22
WxJIpkcAAAAJ	PRCbG2kAAAAJ	1
XLU7AuYAAAAJ	GN3C9q4AAAAJ	1
mtB5szIAAAAJ	Qf4bw4UAAAAJ	1
l9UHHYgAAAAJ	oz_MXbIAAAAJ	28
UK-VpDoAAAAJ	qq-SXN8AAAAJ	1
2nmHOtoAAAAJ	Qhe5ua0AAAAJ	1
c8LH7zUAAAAJ	XeYCNAwAAAAJ	4
yvvjnhIAAAAJ	07ds-DAAAAAJ	1
tCq7Wx0AAAAJ	T1P0XnIAAAAJ	1
No-GJRQAAAAJ	BECu7wYAAAAJ	1
GhpkHDAAAAAJ	tdfS7TwAAAAJ	2
snf71h4AAAAJ	iNANm-sAAAAJ	4
BzzEEc0AAAAJ	Ay_j7dUAAAAJ	1
33CH6WUAAAAJ	qPlUgrgAAAAJ	1
fAw_t5EAAAAJ	G7D5O-0AAAAJ	6
Qf4bw4UAAAAJ	qrVndScAAAAJ	1
qVKYugIAAAAJ	MeSHpCsAAAAJ	1
pHox8i0AAAAJ	hmq4rGIAAAAJ	1
8a2Z1loAAAAJ	iJakSYUAAAAJ	1
54w2_AcAAAAJ	gUEkPQEAAAAJ	3
PMjIXFIAAAAJ	pT7rjkQAAAAJ	3
xPoCswkAAAAJ	JsK4KpMAAAAJ	5
fAxws1sAAAAJ	JsK4KpMAAAAJ	5
cb5JccEAAAAJ	iBgmo3sAAAAJ	3
4VJre9IAAAAJ	5c38WVcAAAAJ	1
_X-PrRkAAAAJ	0HhpXIwAAAAJ	2
Z03FLwkAAAAJ	c8LH7zUAAAAJ	2
3HjjRz8AAAAJ	ggKzpqIAAAAJ	4
oRlrVsAAAAAJ	ZnvGMSIAAAAJ	3
c7reUlAAAAAJ	q4FqPgYAAAAJ	11
g9yhtN8AAAAJ	DSiNzkIAAAAJ	21
cA28Zs0AAAAJ	JQsX7rAAAAAJ	3
G7D5O-0AAAAJ	ZRrTqs8AAAAJ	1
8GA4R2wAAAAJ	G7D5O-0AAAAJ	44
rr944LsAAAAJ	YhFEmpMAAAAJ	15
8_Yj_RwAAAAJ	vm1u2DEAAAAJ	2
yvvjnhIAAAAJ	6k7bp8IAAAAJ	1
DqCFHY8AAAAJ	8Qu_gAMAAAAJ	1
55pOyCkAAAAJ	VjETp_wAAAAJ	2
3qYUSDwAAAAJ	1dxAw1cAAAAJ	2
hc1m_BQAAAAJ	UcpEexUAAAAJ	1
VVpfyhsAAAAJ	RJCmtBcAAAAJ	1
CWj6pVcAAAAJ	4bHLr_IAAAAJ	3
tyYtUNIAAAAJ	DrUwvK0AAAAJ	1
-goooIUAAAAJ	1o_wrqsAAAAJ	2
qYbgZYgAAAAJ	wSPgTVwAAAAJ	1
jDKM_4AAAAAJ	QY-earAAAAAJ	1
jDKM_4AAAAAJ	xITAf6EAAAAJ	1
NByrsK0AAAAJ	Kv9AbjMAAAAJ	6
HdLFmroAAAAJ	-0LFOnYAAAAJ	3
oz_MXbIAAAAJ	h9Tji70AAAAJ	1
_5tjpG0AAAAJ	fAw_t5EAAAAJ	1
qrHidmsAAAAJ	AsMU1QsAAAAJ	125
FDu4ciwAAAAJ	DSiNzkIAAAAJ	1
nKVDcQoAAAAJ	dgobB6AAAAAJ	1
HgaNy9kAAAAJ	pHox8i0AAAAJ	1
2F-jTfEAAAAJ	FtbGhBQAAAAJ	1
4bHLr_IAAAAJ	h9Tji70AAAAJ	2
kSuuj6UAAAAJ	rcGnOdYAAAAJ	1
8_Yj_RwAAAAJ	BECu7wYAAAAJ	1
tCq7Wx0AAAAJ	_4i-G3YAAAAJ	5
UnDfo6sAAAAJ	Z_jPrx8AAAAJ	1
MO3BwFMAAAAJ	8_Yj_RwAAAAJ	1
kSuuj6UAAAAJ	upREfesAAAAJ	17
JQsX7rAAAAAJ	GUAoEcAAAAAJ	2
ggKzpqIAAAAJ	yC-70wMAAAAJ	2
ftAplLUAAAAJ	PRCbG2kAAAAJ	1
oSFVC3MAAAAJ	yC-70wMAAAAJ	1
x8UnxSoAAAAJ	JQsX7rAAAAAJ	2
rQ8F7rIAAAAJ	jR3NLMsAAAAJ	17
jDKM_4AAAAAJ	dgobB6AAAAAJ	1
JSFmVQEAAAAJ	HgaNy9kAAAAJ	3
tCq7Wx0AAAAJ	Da-s1FQAAAAJ	1
cA28Zs0AAAAJ	E1jnOcUAAAAJ	2
CPqBDqUAAAAJ	33CH6WUAAAAJ	1
L-pC28sAAAAJ	sr1HGtUAAAAJ	1
jDKM_4AAAAAJ	KgZxzjsAAAAJ	1
83an8lYAAAAJ	FtbGhBQAAAAJ	1
GlBl-VUAAAAJ	4bHLr_IAAAAJ	35
bWOQjSIAAAAJ	T1j6LZAAAAAJ	12
6gWs-scAAAAJ	iSq5G8cAAAAJ	1
5ZpsRswAAAAJ	olCWoa8AAAAJ	2
No-GJRQAAAAJ	Ay_j7dUAAAAJ	6
QLsTu80AAAAJ	L8yAc8sAAAAJ	4
zZO9qG4AAAAJ	2E448xEAAAAJ	10
gdD2E9QAAAAJ	XM97iScAAAAJ	8
d9f_YvcAAAAJ	G7D5O-0AAAAJ	6
g9yhtN8AAAAJ	53HX4X8AAAAJ	5
LWAFHkEAAAAJ	nfeNsaoAAAAJ	68
gWBoNCsAAAAJ	rE1Y8DoAAAAJ	1
pWQGJWEAAAAJ	M6QwrLAAAAAJ	11
NSCF6GUAAAAJ	6gWs-scAAAAJ	3
HRSDO6IAAAAJ	DWKoeW0AAAAJ	1
9s9o-JcAAAAJ	Qf4bw4UAAAAJ	2
F6tblNcAAAAJ	XLU7AuYAAAAJ	1
8iQk0DIAAAAJ	cPmMoXoAAAAJ	1
Viv2E9AAAAAJ	vJ1MBM4AAAAJ	3
upREfesAAAAJ	Z_jPrx8AAAAJ	1
2X6fAZgAAAAJ	07ds-DAAAAAJ	1
6k7bp8IAAAAJ	cPmMoXoAAAAJ	1
HhKyc4EAAAAJ	GBGCjpQAAAAJ	1
d6vuvHIAAAAJ	36SCzI0AAAAJ	1
rr944LsAAAAJ	ftAplLUAAAAJ	1
snf71h4AAAAJ	Qhe5ua0AAAAJ	5
l9QQeHgAAAAJ	0jtFgaAAAAAJ	7
LiLwnssAAAAJ	WZ-h67UAAAAJ	2
owqUYWMAAAAJ	_QU1opsAAAAJ	4
8VfMkGsAAAAJ	sr1HGtUAAAAJ	1
jtOKGpIAAAAJ	5P3knO0AAAAJ	2
55pOyCkAAAAJ	mQ4jIssAAAAJ	1
--RZd-sAAAAJ	tyYtUNIAAAAJ	19
L-pC28sAAAAJ	XfYRqF4AAAAJ	2
cA28Zs0AAAAJ	yxUduqMAAAAJ	2
YBQai3gAAAAJ	YOVZiJkAAAAJ	5
10iNskYAAAAJ	nfeNsaoAAAAJ	77
DLVFrFAAAAAJ	1guy5W4AAAAJ	4
2X6fAZgAAAAJ	HgaNy9kAAAAJ	1
8Kk2MugAAAAJ	OcAOpSUAAAAJ	3
qoFYHTMAAAAJ	JSFmVQEAAAAJ	1
kSuuj6UAAAAJ	ftAplLUAAAAJ	1
_VsL6mAAAAAJ	lELCubQAAAAJ	2
H4TdGyYAAAAJ	z8NwFvcAAAAJ	4
f2x233wAAAAJ	YOVZiJkAAAAJ	1
nM77MX0AAAAJ	MCClSvsAAAAJ	28
vuKTnnsAAAAJ	0pp-L_IAAAAJ	1
fzSHXS8AAAAJ	nM77MX0AAAAJ	26
NFmCFlsAAAAJ	9PVNjbgAAAAJ	2
YtFi-KkAAAAJ	CWj6pVcAAAAJ	2
PLKoRXsAAAAJ	UcbMN8QAAAAJ	5
iNANm-sAAAAJ	vJ1MBM4AAAAJ	2
zZO9qG4AAAAJ	yxUduqMAAAAJ	2
6_oL_9IAAAAJ	nM77MX0AAAAJ	6
vm1u2DEAAAAJ	P5eWdgsAAAAJ	1
9s9o-JcAAAAJ	Da-s1FQAAAAJ	5
wY-Wy6IAAAAJ	33CH6WUAAAAJ	1
CZFDkfEAAAAJ	_X-PrRkAAAAJ	1
qoFYHTMAAAAJ	qC7oNRUAAAAJ	1
yvvjnhIAAAAJ	rnBRPpQAAAAJ	3
E1jnOcUAAAAJ	30pCSfEAAAAJ	1
36SCzI0AAAAJ	fAw_t5EAAAAJ	1
Da-s1FQAAAAJ	GUAoEcAAAAAJ	3
GlBl-VUAAAAJ	1guy5W4AAAAJ	1
cA28Zs0AAAAJ	07ds-DAAAAAJ	4
XqI4gAYAAAAJ	nfeNsaoAAAAJ	15
vuKTnnsAAAAJ	NByrsK0AAAAJ	11
4tcxRqMAAAAJ	nngRAEYAAAAJ	8
d6vU434AAAAJ	x3c1R2gAAAAJ	1
vEbcIKYAAAAJ	dgobB6AAAAAJ	1
WL8igVEAAAAJ	qC7oNRUAAAAJ	1
runT3RsAAAAJ	oVygx30AAAAJ	23
HlxqS1MAAAAJ	QgGaAdsAAAAJ	1
mWcHXJcAAAAJ	86AWJ58AAAAJ	8
L05BN0sAAAAJ	HUxQ1TAAAAAJ	1
GbLB9aAAAAAJ	BECu7wYAAAAJ	1
TOAnGa8AAAAJ	q7HqHocAAAAJ	1
TL3wdfgAAAAJ	yOJ8F4gAAAAJ	1
aLOSzWwAAAAJ	VVpfyhsAAAAJ	2
NHZdlVkAAAAJ	n-Oret4AAAAJ	1
I1RqBRoAAAAJ	C4m8TSUAAAAJ	1
NByrsK0AAAAJ	CUkAtC4AAAAJ	1
LwNkL3cAAAAJ	HUxQ1TAAAAAJ	1
ojH7GEgAAAAJ	_4i-G3YAAAAJ	1
6_oL_9IAAAAJ	88L1-JYAAAAJ	1
o_a5zckAAAAJ	_HYCqwkAAAAJ	1
GHsoyKIAAAAJ	MeSHpCsAAAAJ	1
XdI8DgEAAAAJ	HRSDO6IAAAAJ	3
Z_jPrx8AAAAJ	1qqf7D0AAAAJ	3
jDKM_4AAAAAJ	nKVDcQoAAAAJ	1
H7vcwSAAAAAJ	8kA3eDwAAAAJ	1
tpoh43QAAAAJ	-DVbMb4AAAAJ	2
fzSHXS8AAAAJ	cPmMoXoAAAAJ	1
nk3OcBoAAAAJ	5HX--AYAAAAJ	5
GBGCjpQAAAAJ	MrVb9FkAAAAJ	85
TOAnGa8AAAAJ	LWAFHkEAAAAJ	6
ftAplLUAAAAJ	Gu-FyNMAAAAJ	3
CUkAtC4AAAAJ	T1lNNLkAAAAJ	14
UcpEexUAAAAJ	db9WLdcAAAAJ	12
C4m8TSUAAAAJ	iSq5G8cAAAAJ	2
8iQk0DIAAAAJ	hgZgvkUAAAAJ	1
4tcxRqMAAAAJ	Icl5BnYAAAAJ	6
JSFmVQEAAAAJ	yxUduqMAAAAJ	3
KQm_HnIAAAAJ	W362rUwAAAAJ	3
p_QR9RUAAAAJ	M5_wxAkAAAAJ	30
runT3RsAAAAJ	wTulq9QAAAAJ	14
hiGGy0kAAAAJ	rnBRPpQAAAAJ	1
qC7oNRUAAAAJ	ZRrTqs8AAAAJ	38
L9dwKyUAAAAJ	N1vnxn4AAAAJ	1
WHZiLTIAAAAJ	HdLFmroAAAAJ	2
8iQk0DIAAAAJ	qPlUgrgAAAAJ	1
wY-Wy6IAAAAJ	bh-uRFMAAAAJ	1
rynvwScAAAAJ	HgaNy9kAAAAJ	1
3HjjRz8AAAAJ	YbSq5T0AAAAJ	3
4xHzvxkAAAAJ	XM97iScAAAAJ	1
QY-earAAAAAJ	f9iP-80AAAAJ	42
2nmHOtoAAAAJ	yxUduqMAAAAJ	1
5Tw9egMAAAAJ	bnmsbZkAAAAJ	3
tdfS7TwAAAAJ	ocXMyBcAAAAJ	1
JwQWFLkAAAAJ	tyYtUNIAAAAJ	2
fzSHXS8AAAAJ	MCClSvsAAAAJ	45
30pCSfEAAAAJ	rnBRPpQAAAAJ	2
Kf97-EkAAAAJ	Zy2cIskAAAAJ	1
eYVXgAoAAAAJ	sr1HGtUAAAAJ	1
pkjoANMAAAAJ	MMuP6cMAAAAJ	2
qvKcICQAAAAJ	eYVXgAoAAAAJ	1
zZO9qG4AAAAJ	2A6PMfEAAAAJ	20
Viv2E9AAAAAJ	M93Auk4AAAAJ	1
yC-70wMAAAAJ	amDW89cAAAAJ	5
NHZdlVkAAAAJ	ZRrTqs8AAAAJ	2
bYlFzsYAAAAJ	hmq4rGIAAAAJ	1
qC7oNRUAAAAJ	XeYCNAwAAAAJ	1
MYqlcPgAAAAJ	9s9o-JcAAAAJ	1
HgaNy9kAAAAJ	Qhe5ua0AAAAJ	4
jDKM_4AAAAAJ	qPlUgrgAAAAJ	1
UK-VpDoAAAAJ	ptI-HHkAAAAJ	1
J12C3nYAAAAJ	_4i-G3YAAAAJ	5
d9f_YvcAAAAJ	yvvjnhIAAAAJ	1
mtB5szIAAAAJ	DSiNzkIAAAAJ	4
tyYtUNIAAAAJ	eYVXgAoAAAAJ	1
3qYUSDwAAAAJ	chP1Vc0AAAAJ	6
runT3RsAAAAJ	MrVb9FkAAAAJ	58
cPmMoXoAAAAJ	GUAoEcAAAAAJ	1
cPmMoXoAAAAJ	iNANm-sAAAAJ	2
4VJre9IAAAAJ	MMuP6cMAAAAJ	1
eEdKpQgAAAAJ	QLsTu80AAAAJ	1
8GA4R2wAAAAJ	pHox8i0AAAAJ	2
54w2_AcAAAAJ	GUAoEcAAAAAJ	1
YRPveMcAAAAJ	x_7xA0UAAAAJ	9
DYZsiAIAAAAJ	loPUpHQAAAAJ	15
54w2_AcAAAAJ	p7XFn7MAAAAJ	9
xjVBcr4AAAAJ	ZRrTqs8AAAAJ	10
7WgUoKMAAAAJ	Q29WmWwAAAAJ	3
8a2Z1loAAAAJ	CPqBDqUAAAAJ	1
u18hG4gAAAAJ	gwB_pJcAAAAJ	2
ziDobv4AAAAJ	rcGnOdYAAAAJ	1
WZ-h67UAAAAJ	j9EXF1AAAAAJ	10
UYZGdYwAAAAJ	3DtMaPEAAAAJ	5
5HX--AYAAAAJ	ZflJqeUAAAAJ	17
FDu4ciwAAAAJ	Y_Ieu7EAAAAJ	3
8a2Z1loAAAAJ	J12C3nYAAAAJ	1
JQsX7rAAAAAJ	n6wC7nwAAAAJ	1
WHZiLTIAAAAJ	q_n7d6EAAAAJ	19
tHNANpEAAAAJ	vEbcIKYAAAAJ	3
v4s6ll8AAAAJ	hgZgvkUAAAAJ	12
rr944LsAAAAJ	M6QwrLAAAAAJ	7
54w2_AcAAAAJ	d6CtlCkAAAAJ	1
cPmMoXoAAAAJ	2A6PMfEAAAAJ	5
9s9o-JcAAAAJ	hmq4rGIAAAAJ	9
8_Yj_RwAAAAJ	o_a5zckAAAAJ	23
VjETp_wAAAAJ	ggKzpqIAAAAJ	2
P19O_H8AAAAJ	HgaNy9kAAAAJ	1
xjVBcr4AAAAJ	n-Oret4AAAAJ	1
6_oL_9IAAAAJ	HgaNy9kAAAAJ	6
ojH7GEgAAAAJ	qC7oNRUAAAAJ	4
vuKTnnsAAAAJ	YOVZiJkAAAAJ	5
lELCubQAAAAJ	UbWFbIkAAAAJ	4
mhTBmDkAAAAJ	n6wC7nwAAAAJ	1
KQmFXsoAAAAJ	kI5JKs8AAAAJ	1
MO3BwFMAAAAJ	4agt6FcAAAAJ	1
_X-PrRkAAAAJ	xxN4UiEAAAAJ	1
2nmHOtoAAAAJ	JSFmVQEAAAAJ	1
LwNkL3cAAAAJ	KbaDWTMAAAAJ	4
VdzVqCwAAAAJ	h9Tji70AAAAJ	4
5Tw9egMAAAAJ	Gu-FyNMAAAAJ	1
6qDjHUAAAAAJ	Qhe5ua0AAAAJ	2
bWOQjSIAAAAJ	_sz6oIoAAAAJ	3
-cuxoSQAAAAJ	kBiBksMAAAAJ	2
Da-s1FQAAAAJ	XeYCNAwAAAAJ	2
qoFYHTMAAAAJ	zZO9qG4AAAAJ	14
2nmHOtoAAAAJ	toODfV4AAAAJ	7
_D5W9yUAAAAJ	1guy5W4AAAAJ	1
0v5utcwAAAAJ	3-y3qmkAAAAJ	2
cilyP7wAAAAJ	UhQJOB4AAAAJ	3
85EVVHQAAAAJ	E0nK44AAAAAJ	2
UruIct4AAAAJ	dHXCX-sAAAAJ	1
KQm_HnIAAAAJ	NHZdlVkAAAAJ	1
3XYmsKQAAAAJ	T_r8IWQAAAAJ	1
jsxk8vsAAAAJ	nk3OcBoAAAAJ	2
bsotxTgAAAAJ	Nq_T4UwAAAAJ	1
VIwGymEAAAAJ	-6maX04AAAAJ	4
mFPXD90AAAAJ	A5vhsIYAAAAJ	26
iqiEX78AAAAJ	wTulq9QAAAAJ	9
cuRERDcAAAAJ	oz_MXbIAAAAJ	4
mIZu9oQAAAAJ	J12C3nYAAAAJ	7
q4FqPgYAAAAJ	y3_tUqsAAAAJ	2
UnDfo6sAAAAJ	forPRN8AAAAJ	167
RJCmtBcAAAAJ	2OJOZTUAAAAJ	2
oVygx30AAAAJ	DZ3S--MAAAAJ	1
iqiEX78AAAAJ	oN85b_gAAAAJ	3
CWj6pVcAAAAJ	5HX--AYAAAAJ	1
Lym3wGUAAAAJ	SyQ-T8cAAAAJ	12
0zZnyMEAAAAJ	W362rUwAAAAJ	1
qi7fvXoAAAAJ	HGTDp1UAAAAJ	2
d9f_YvcAAAAJ	kI5JKs8AAAAJ	1
_sz6oIoAAAAJ	I2PP9XoAAAAJ	1
62soGRgAAAAJ	VdzVqCwAAAAJ	5
vzxeLyIAAAAJ	amDW89cAAAAJ	4
qC7oNRUAAAAJ	W362rUwAAAAJ	9
yxUduqMAAAAJ	q92q8SMAAAAJ	3
4bHLr_IAAAAJ	ZflJqeUAAAAJ	12
2OJOZTUAAAAJ	T_r8IWQAAAAJ	3
vXHA_XYAAAAJ	6ZHvHDEAAAAJ	9
K8vJkTcAAAAJ	bh-uRFMAAAAJ	1
vXHA_XYAAAAJ	gy4UVGcAAAAJ	17
SSNUvb8AAAAJ	tyYtUNIAAAAJ	13
ZqTie5sAAAAJ	CUkAtC4AAAAJ	2
wY-Wy6IAAAAJ	ln3BGqgAAAAJ	1
6_oL_9IAAAAJ	MCClSvsAAAAJ	1
Qf4bw4UAAAAJ	vXHA_XYAAAAJ	1
rnR3JrYAAAAJ	Qf4bw4UAAAAJ	4
5_2_THUAAAAJ	g4DdvyEAAAAJ	1
Da-s1FQAAAAJ	hmq4rGIAAAAJ	7
8Kk2MugAAAAJ	kSuuj6UAAAAJ	8
4VJre9IAAAAJ	33CH6WUAAAAJ	19
MC6suuAAAAAJ	P5eWdgsAAAAJ	2
-iqhJgQAAAAJ	8wVcLRsAAAAJ	1
aPxDp7wAAAAJ	chP1Vc0AAAAJ	11
P19O_H8AAAAJ	pHox8i0AAAAJ	1
SHVhdhoAAAAJ	rcGnOdYAAAAJ	4
QPzaSSsAAAAJ	iSq5G8cAAAAJ	1
u18hG4gAAAAJ	d6CtlCkAAAAJ	4
vuKTnnsAAAAJ	jsxk8vsAAAAJ	1
VspDmN8AAAAJ	CcSZwTsAAAAJ	8
tiFit0cAAAAJ	sr1HGtUAAAAJ	2
qC7oNRUAAAAJ	pHox8i0AAAAJ	11
3bSbb20AAAAJ	oizZKrsAAAAJ	1
0HhpXIwAAAAJ	amDW89cAAAAJ	3
s2o3_90AAAAJ	wSPgTVwAAAAJ	1
jDKM_4AAAAAJ	8a2Z1loAAAAJ	1
WZ-h67UAAAAJ	dewEBisAAAAJ	1
KQm_HnIAAAAJ	ZRrTqs8AAAAJ	11
W_6Skd4AAAAJ	-iqhJgQAAAAJ	3
qXb4xQMAAAAJ	XM97iScAAAAJ	1
7WgUoKMAAAAJ	yepPD_cAAAAJ	3
_HDO25IAAAAJ	-DtKfGcAAAAJ	4
YtFi-KkAAAAJ	Ui8pnoIAAAAJ	1
lf9ZK78AAAAJ	3-y3qmkAAAAJ	3
VMFWEMcAAAAJ	kR7DersAAAAJ	2
yexUDMQAAAAJ	YJVAXCwAAAAJ	4
LDb4tb0AAAAJ	zfTbkBkAAAAJ	5
Qp5971IAAAAJ	ptI-HHkAAAAJ	1
CWj6pVcAAAAJ	oz_MXbIAAAAJ	40
1dxAw1cAAAAJ	ocXMyBcAAAAJ	3
vME86a4AAAAJ	PafZ2Z4AAAAJ	4
aTpJ0fcAAAAJ	yexUDMQAAAAJ	1
bh-uRFMAAAAJ	88L1-JYAAAAJ	1
ZtQVZawAAAAJ	YRPveMcAAAAJ	1
2nmHOtoAAAAJ	iNANm-sAAAAJ	1
l9UHHYgAAAAJ	CWj6pVcAAAAJ	51
cA28Zs0AAAAJ	hc1m_BQAAAAJ	51
qC7oNRUAAAAJ	yvvjnhIAAAAJ	4
WKzKz9gAAAAJ	vJ1MBM4AAAAJ	1
rQ8F7rIAAAAJ	m4gr7P8AAAAJ	37
5ZpsRswAAAAJ	Yj6j5xgAAAAJ	1
Js_zdpYAAAAJ	3qYUSDwAAAAJ	2
ptI-HHkAAAAJ	ckHkkjgAAAAJ	4
33CH6WUAAAAJ	07ds-DAAAAAJ	3
9s9o-JcAAAAJ	tLrQhzIAAAAJ	1
x3c1R2gAAAAJ	bnmsbZkAAAAJ	1
Be1OTOcAAAAJ	_X-PrRkAAAAJ	1
LWAFHkEAAAAJ	q_n7d6EAAAAJ	1
-WVPmUkAAAAJ	e49cxvUAAAAJ	8
WxJIpkcAAAAJ	BzzEEc0AAAAJ	4
0nOfuMgAAAAJ	_HYCqwkAAAAJ	1
oRlrVsAAAAAJ	AQG8WlcAAAAJ	28
oe-jFWAAAAAJ	x7huTU0AAAAJ	1
tiHMmkcAAAAJ	8KbzXvoAAAAJ	13
CPqBDqUAAAAJ	KQm_HnIAAAAJ	2
owqUYWMAAAAJ	FBR3XoEAAAAJ	10
iNANm-sAAAAJ	DSiNzkIAAAAJ	1
FtbGhBQAAAAJ	8rw_o7UAAAAJ	1
OJ2WdXAAAAAJ	YJVAXCwAAAAJ	29
6qDjHUAAAAAJ	WKzKz9gAAAAJ	4
yxUduqMAAAAJ	hmq4rGIAAAAJ	1
-DtKfGcAAAAJ	fcTg4fcAAAAJ	8
MO3BwFMAAAAJ	emsMY_sAAAAJ	4
PLKoRXsAAAAJ	v5q00U8AAAAJ	1
nM77MX0AAAAJ	Viv2E9AAAAAJ	1
aPxDp7wAAAAJ	1dxAw1cAAAAJ	15
xITAf6EAAAAJ	dgobB6AAAAAJ	1
YbSq5T0AAAAJ	YhFEmpMAAAAJ	12
G5_VFfkAAAAJ	8kA3eDwAAAAJ	4
H7vcwSAAAAAJ	XM97iScAAAAJ	18
JwQWFLkAAAAJ	toODfV4AAAAJ	2
PIIoaKMAAAAJ	-cuxoSQAAAAJ	1
ghPIMpgAAAAJ	E1knViwAAAAJ	1
cPmMoXoAAAAJ	UcpEexUAAAAJ	1
jsxk8vsAAAAJ	uVBjUtAAAAAJ	1
VVpfyhsAAAAJ	tFjo6FwAAAAJ	5
6_oL_9IAAAAJ	2E448xEAAAAJ	5
n-Oret4AAAAJ	tCq7Wx0AAAAJ	2
IIhYQ7oAAAAJ	2X6fAZgAAAAJ	3
JSFmVQEAAAAJ	Qhe5ua0AAAAJ	1
Da-s1FQAAAAJ	pHox8i0AAAAJ	3
CZFDkfEAAAAJ	Uk8VhXEAAAAJ	4
tCq7Wx0AAAAJ	kI5JKs8AAAAJ	23
qC7oNRUAAAAJ	HgaNy9kAAAAJ	2
cA28Zs0AAAAJ	HaNGX5gAAAAJ	1
aTpJ0fcAAAAJ	wY-Wy6IAAAAJ	2
M6urChQAAAAJ	pHox8i0AAAAJ	8
qPlUgrgAAAAJ	dgobB6AAAAAJ	1
3HjjRz8AAAAJ	VVYP3bgAAAAJ	1
E1jnOcUAAAAJ	_4i-G3YAAAAJ	1
XqI4gAYAAAAJ	G8GezxgAAAAJ	9
vuKTnnsAAAAJ	1sMNiJIAAAAJ	3
jTzDAsIAAAAJ	vEbcIKYAAAAJ	1
cA28Zs0AAAAJ	J0SKz5YAAAAJ	1
VVpfyhsAAAAJ	GjFfiVwAAAAJ	3
M6urChQAAAAJ	qPlUgrgAAAAJ	1
qC7oNRUAAAAJ	30pCSfEAAAAJ	39
qPlUgrgAAAAJ	pHox8i0AAAAJ	23
xjVBcr4AAAAJ	mlw_NjoAAAAJ	1
10iNskYAAAAJ	G8GezxgAAAAJ	1
J12C3nYAAAAJ	33CH6WUAAAAJ	8
pkjoANMAAAAJ	Da-s1FQAAAAJ	1
jTzDAsIAAAAJ	30pCSfEAAAAJ	8
2X6fAZgAAAAJ	3DtMaPEAAAAJ	1
DYZsiAIAAAAJ	dMVI-XIAAAAJ	5
ggKzpqIAAAAJ	tyYtUNIAAAAJ	11
Kv9AbjMAAAAJ	mL6QKeQAAAAJ	16
WV7XovQAAAAJ	DZ3S--MAAAAJ	1
ZmiirIwAAAAJ	GN3C9q4AAAAJ	2
SHVhdhoAAAAJ	GN3C9q4AAAAJ	1
K8vJkTcAAAAJ	JSFmVQEAAAAJ	1
4tcxRqMAAAAJ	tcg-f_sAAAAJ	3
fzSHXS8AAAAJ	Viv2E9AAAAAJ	2
9TpPcjoAAAAJ	ZflJqeUAAAAJ	1
iBgmo3sAAAAJ	z_vUo8EAAAAJ	3
lELCubQAAAAJ	tdfS7TwAAAAJ	1
6foKsAIAAAAJ	ZRrTqs8AAAAJ	1
VP-d_2gAAAAJ	0-tewh8AAAAJ	3
DSiNzkIAAAAJ	nKVDcQoAAAAJ	1
vuKTnnsAAAAJ	8iQk0DIAAAAJ	1
JydvPF8AAAAJ	hM8uAwoAAAAJ	4
n-Oret4AAAAJ	T1P0XnIAAAAJ	1
oe-jFWAAAAAJ	62soGRgAAAAJ	2
MO3BwFMAAAAJ	vm1u2DEAAAAJ	1
fzSHXS8AAAAJ	HgaNy9kAAAAJ	1
PLKoRXsAAAAJ	p0tQZiAAAAAJ	13
y3_tUqsAAAAJ	4PzSxEMAAAAJ	10
oRlrVsAAAAAJ	QPzaSSsAAAAJ	4
zZO9qG4AAAAJ	4K7L-eAAAAAJ	14
gy4UVGcAAAAJ	G7D5O-0AAAAJ	1
aLOSzWwAAAAJ	9s9o-JcAAAAJ	1
runT3RsAAAAJ	97MiT_0AAAAJ	1
TWXJxcAAAAAJ	W362rUwAAAAJ	1
d9f_YvcAAAAJ	UcpEexUAAAAJ	1
yvvjnhIAAAAJ	G7D5O-0AAAAJ	13
6qDjHUAAAAAJ	MCClSvsAAAAJ	1
BDZ2z6YAAAAJ	0-tewh8AAAAJ	3
b9Bod2MAAAAJ	SRUYLREAAAAJ	1
Pwd7hJYAAAAJ	vXHA_XYAAAAJ	2
ZVMcyxYAAAAJ	s4yZTp4AAAAJ	1
_5tjpG0AAAAJ	4xHzvxkAAAAJ	1
bWTPrLEAAAAJ	KgZxzjsAAAAJ	1
5Tw9egMAAAAJ	jIOynFgAAAAJ	1
oRlrVsAAAAAJ	xxN4UiEAAAAJ	15
h9Tji70AAAAJ	SXutMMAAAAAJ	20
UeG5w08AAAAJ	QY-earAAAAAJ	1
-goooIUAAAAJ	F2jhvIoAAAAJ	1
NHZdlVkAAAAJ	tCq7Wx0AAAAJ	26
yQXfAWMAAAAJ	im5aMngAAAAJ	1
xWnnHzYAAAAJ	0RPdShUAAAAJ	3
MYqlcPgAAAAJ	QRyCQq4AAAAJ	1
-6maX04AAAAJ	Lym3wGUAAAAJ	3
8Kk2MugAAAAJ	ImcSjGsAAAAJ	6
HgaNy9kAAAAJ	2E448xEAAAAJ	20
qoFYHTMAAAAJ	s4yZTp4AAAAJ	4
6qfyAZQAAAAJ	ZRrTqs8AAAAJ	1
_HYCqwkAAAAJ	h9Tji70AAAAJ	1
5Tw9egMAAAAJ	rcGnOdYAAAAJ	15
cA28Zs0AAAAJ	bOKmjf8AAAAJ	1
d-Zq1l0AAAAJ	lnC1vbAAAAAJ	12
mlw_NjoAAAAJ	33CH6WUAAAAJ	4
runT3RsAAAAJ	oN85b_gAAAAJ	26
_D5W9yUAAAAJ	E1knViwAAAAJ	2
-0LFOnYAAAAJ	SnvLcLEAAAAJ	1
tCq7Wx0AAAAJ	hVZiQDQAAAAJ	2
54w2_AcAAAAJ	oVygx30AAAAJ	1
FWjqglcAAAAJ	yepPD_cAAAAJ	1
VVpfyhsAAAAJ	Da-s1FQAAAAJ	1
6_oL_9IAAAAJ	Qhe5ua0AAAAJ	3
N_Z79YgAAAAJ	_D5W9yUAAAAJ	1
eYVXgAoAAAAJ	SRUYLREAAAAJ	2
MYqlcPgAAAAJ	hmq4rGIAAAAJ	9
8GA4R2wAAAAJ	6k7bp8IAAAAJ	1
bWOQjSIAAAAJ	mQ4jIssAAAAJ	12
sWCpXFgAAAAJ	G7D5O-0AAAAJ	12
fAxws1sAAAAJ	d6vuvHIAAAAJ	5
cGCalUQAAAAJ	JsK4KpMAAAAJ	16
tCq7Wx0AAAAJ	KQmFXsoAAAAJ	11
ojH7GEgAAAAJ	CYwffSUAAAAJ	1
tWbKlfMAAAAJ	g4DdvyEAAAAJ	1
nM77MX0AAAAJ	Qhe5ua0AAAAJ	1
WL8igVEAAAAJ	tCq7Wx0AAAAJ	1
Cgx9W6UAAAAJ	GUAoEcAAAAAJ	5
yQXfAWMAAAAJ	1sMNiJIAAAAJ	4
vuKTnnsAAAAJ	d6maXN8AAAAJ	7
C2lVQO8AAAAJ	VDhnOHEAAAAJ	1
P6qnxgcAAAAJ	oz_MXbIAAAAJ	7
Qf4bw4UAAAAJ	6_oL_9IAAAAJ	2
33CH6WUAAAAJ	G7D5O-0AAAAJ	1
83an8lYAAAAJ	o3wWRZMAAAAJ	1
HhKyc4EAAAAJ	ZRrTqs8AAAAJ	2
runT3RsAAAAJ	T1P0XnIAAAAJ	5
6k7bp8IAAAAJ	JQsX7rAAAAAJ	1
jKrIVCIAAAAJ	Y_Ieu7EAAAAJ	2
54w2_AcAAAAJ	n6wC7nwAAAAJ	1
36SCzI0AAAAJ	QgGaAdsAAAAJ	10
GbLB9aAAAAAJ	OQ4t3U4AAAAJ	1
33CH6WUAAAAJ	e3_l6fwAAAAJ	1
WZ-h67UAAAAJ	L05BN0sAAAAJ	21
o_a5zckAAAAJ	DLVFrFAAAAAJ	7
jTzDAsIAAAAJ	E1jnOcUAAAAJ	1
bOKmjf8AAAAJ	x8UnxSoAAAAJ	1
YRPveMcAAAAJ	DWKoeW0AAAAJ	2
WHZiLTIAAAAJ	2YZITOgAAAAJ	13
Q_4d9N0AAAAJ	J12C3nYAAAAJ	1
YOZbkCEAAAAJ	tCq7Wx0AAAAJ	10
4xHzvxkAAAAJ	M6urChQAAAAJ	3
DSiNzkIAAAAJ	Qhe5ua0AAAAJ	1
IHUOFK4AAAAJ	loPUpHQAAAAJ	4
SqMUez0AAAAJ	Qf4bw4UAAAAJ	14
cA28Zs0AAAAJ	33CH6WUAAAAJ	17
rr944LsAAAAJ	HhKyc4EAAAAJ	1
n-Oret4AAAAJ	Qf4bw4UAAAAJ	6
M3he9Y8AAAAJ	X6vPtQEAAAAJ	4
0WVyaVMAAAAJ	iBgmo3sAAAAJ	3
DYZsiAIAAAAJ	IHUOFK4AAAAJ	4
2X6fAZgAAAAJ	bOKmjf8AAAAJ	12
oRlrVsAAAAAJ	x3c1R2gAAAAJ	1
HRSDO6IAAAAJ	VQshP6UAAAAJ	10
runT3RsAAAAJ	tCq7Wx0AAAAJ	1
FVsf9rkAAAAJ	MeSHpCsAAAAJ	1
rLSUeLsAAAAJ	j9EXF1AAAAAJ	1
toODfV4AAAAJ	l8wiON4AAAAJ	6
yvvjnhIAAAAJ	33CH6WUAAAAJ	3
PMjIXFIAAAAJ	lELCubQAAAAJ	4
O-QzGusAAAAJ	db9WLdcAAAAJ	2
ojH7GEgAAAAJ	30pCSfEAAAAJ	2
yQXfAWMAAAAJ	s4oOVCsAAAAJ	1
UhQJOB4AAAAJ	nM77MX0AAAAJ	4
HgaNy9kAAAAJ	JQsX7rAAAAAJ	1
_4i-G3YAAAAJ	33CH6WUAAAAJ	12
ftAplLUAAAAJ	vm1u2DEAAAAJ	1
J12C3nYAAAAJ	FtbGhBQAAAAJ	2
5HX--AYAAAAJ	8wVcLRsAAAAJ	1
cmedVkoAAAAJ	rcGnOdYAAAAJ	7
zZO9qG4AAAAJ	UcpEexUAAAAJ	49
rr944LsAAAAJ	OcNPtuUAAAAJ	1
_VsL6mAAAAAJ	pT7rjkQAAAAJ	4
mZxsTCcAAAAJ	BkygZFsAAAAJ	1
cA28Zs0AAAAJ	J12C3nYAAAAJ	1
NafmldkAAAAJ	9xDADY4AAAAJ	1
mIZu9oQAAAAJ	e3_l6fwAAAAJ	1
DLVFrFAAAAAJ	9TpPcjoAAAAJ	4
JSFmVQEAAAAJ	MCClSvsAAAAJ	1
oe-jFWAAAAAJ	wAoRV_AAAAAJ	1
WL8igVEAAAAJ	Da-s1FQAAAAJ	1
d-Zq1l0AAAAJ	c8LH7zUAAAAJ	1
nKVDcQoAAAAJ	88L1-JYAAAAJ	1
aLOSzWwAAAAJ	Cgx9W6UAAAAJ	1
U9oBOmMAAAAJ	ckHkkjgAAAAJ	8
x8UnxSoAAAAJ	d6CtlCkAAAAJ	2
Qf4bw4UAAAAJ	hmq4rGIAAAAJ	5
tWbKlfMAAAAJ	oRlrVsAAAAAJ	1
avGnwvwAAAAJ	ptI-HHkAAAAJ	10
cA28Zs0AAAAJ	mlw_NjoAAAAJ	1
cA28Zs0AAAAJ	DSiNzkIAAAAJ	1
2nmHOtoAAAAJ	wNIKmGoAAAAJ	1
zZO9qG4AAAAJ	s4yZTp4AAAAJ	17
4VJre9IAAAAJ	T1P0XnIAAAAJ	1
N_Z79YgAAAAJ	E1knViwAAAAJ	3
4VJre9IAAAAJ	_4i-G3YAAAAJ	2
iBbfPfUAAAAJ	tiHMmkcAAAAJ	2
4VJre9IAAAAJ	tCq7Wx0AAAAJ	35
2nmHOtoAAAAJ	nM77MX0AAAAJ	1
g9yhtN8AAAAJ	Z03FLwkAAAAJ	6
rnBRPpQAAAAJ	_4i-G3YAAAAJ	2
tHNXlAYAAAAJ	BkygZFsAAAAJ	1
bWOQjSIAAAAJ	BIpt-3MAAAAJ	4
TOAnGa8AAAAJ	toODfV4AAAAJ	1
cilyP7wAAAAJ	nM77MX0AAAAJ	2
oizZKrsAAAAJ	8Qu_gAMAAAAJ	1
8_Yj_RwAAAAJ	1guy5W4AAAAJ	1
cilyP7wAAAAJ	wNIKmGoAAAAJ	1
8GA4R2wAAAAJ	_5tjpG0AAAAJ	1
30pCSfEAAAAJ	_4i-G3YAAAAJ	5
klpr-t0AAAAJ	SRUYLREAAAAJ	1
yC-70wMAAAAJ	0HhpXIwAAAAJ	16
oz_MXbIAAAAJ	vHsgntwAAAAJ	13
bsotxTgAAAAJ	iBbfPfUAAAAJ	1
s4yZTp4AAAAJ	qPlUgrgAAAAJ	2
LwNkL3cAAAAJ	Lym3wGUAAAAJ	1
bh-uRFMAAAAJ	9xDADY4AAAAJ	76
NafmldkAAAAJ	WRlzk3UAAAAJ	4
KQm_HnIAAAAJ	_4i-G3YAAAAJ	12
SqMUez0AAAAJ	Da-s1FQAAAAJ	1
CZFDkfEAAAAJ	ln3BGqgAAAAJ	9
EEGf5OAAAAAJ	DLVFrFAAAAAJ	1
BDZ2z6YAAAAJ	h9Tji70AAAAJ	1
jIOynFgAAAAJ	bnmsbZkAAAAJ	2
fAw_t5EAAAAJ	n6wC7nwAAAAJ	4
VGoSakQAAAAJ	YAgmYI8AAAAJ	1
BkygZFsAAAAJ	ln3BGqgAAAAJ	1
tpoh43QAAAAJ	QgDpfCQAAAAJ	1
8GA4R2wAAAAJ	rE1Y8DoAAAAJ	1
Y_Ieu7EAAAAJ	DWKoeW0AAAAJ	1
ojH7GEgAAAAJ	W362rUwAAAAJ	1
nk3OcBoAAAAJ	XqI4gAYAAAAJ	1
4VJre9IAAAAJ	hc1m_BQAAAAJ	83
PfgeYGwAAAAJ	2YZITOgAAAAJ	1
LiLwnssAAAAJ	L05BN0sAAAAJ	2
2nmHOtoAAAAJ	cPmMoXoAAAAJ	1
p0tQZiAAAAAJ	AQG8WlcAAAAJ	2
No-GJRQAAAAJ	F2jhvIoAAAAJ	1
JydvPF8AAAAJ	d6CtlCkAAAAJ	4
8VfMkGsAAAAJ	BzzEEc0AAAAJ	4
vME86a4AAAAJ	1qqf7D0AAAAJ	19
_HYCqwkAAAAJ	0-tewh8AAAAJ	1
CUkAtC4AAAAJ	sOI8QyoAAAAJ	8
toODfV4AAAAJ	q7HqHocAAAAJ	21
g_JVzmIAAAAJ	AsMU1QsAAAAJ	2
bWTPrLEAAAAJ	yxUduqMAAAAJ	2
snf71h4AAAAJ	HgaNy9kAAAAJ	8
KgZxzjsAAAAJ	Q5KT-hEAAAAJ	1
d-Zq1l0AAAAJ	53HX4X8AAAAJ	23
N_Z79YgAAAAJ	emsMY_sAAAAJ	1
olCWoa8AAAAJ	-iEm2rUAAAAJ	16
I1RqBRoAAAAJ	Q_4d9N0AAAAJ	1
cA28Zs0AAAAJ	FtbGhBQAAAAJ	1
8_Yj_RwAAAAJ	X6vPtQEAAAAJ	2
4VJre9IAAAAJ	Qf4bw4UAAAAJ	2
KgZxzjsAAAAJ	xITAf6EAAAAJ	1
HdLFmroAAAAJ	BAdQpFkAAAAJ	5
5ZpsRswAAAAJ	6RwHMzQAAAAJ	4
6RwHMzQAAAAJ	-iqhJgQAAAAJ	6
s4yZTp4AAAAJ	pHox8i0AAAAJ	1
8a2Z1loAAAAJ	HUxQ1TAAAAAJ	12
J0SKz5YAAAAJ	pHox8i0AAAAJ	2
6nuM6rcAAAAJ	w_lm_toAAAAJ	5
2nmHOtoAAAAJ	d6vuvHIAAAAJ	4
w7Mnkc4AAAAJ	-CVR2h8AAAAJ	15
Xv5EbpcAAAAJ	8_Yj_RwAAAAJ	1
WRlzk3UAAAAJ	XTakCM0AAAAJ	7
GUAoEcAAAAAJ	07ds-DAAAAAJ	12
NFmCFlsAAAAJ	HlxqS1MAAAAJ	1
nfeNsaoAAAAJ	Ui8pnoIAAAAJ	2
klpr-t0AAAAJ	rcGnOdYAAAAJ	1
f3dhjoYAAAAJ	1qqf7D0AAAAJ	4
NafmldkAAAAJ	07ds-DAAAAAJ	1
d6vuvHIAAAAJ	HgaNy9kAAAAJ	1
tCq7Wx0AAAAJ	uVBjUtAAAAAJ	14
tiFit0cAAAAJ	WwadVmIAAAAJ	6
INUmPLsAAAAJ	E0nK44AAAAAJ	3
J0SKz5YAAAAJ	qPlUgrgAAAAJ	164
YBQai3gAAAAJ	vEbcIKYAAAAJ	1
-goooIUAAAAJ	No-GJRQAAAAJ	4
A4D_M_EAAAAJ	--RZd-sAAAAJ	1
L-pC28sAAAAJ	F2jhvIoAAAAJ	2
VGoSakQAAAAJ	2OJOZTUAAAAJ	1
10iNskYAAAAJ	WZ0030cAAAAJ	1
CWj6pVcAAAAJ	-goooIUAAAAJ	1
Cgx9W6UAAAAJ	SHb2ZlMAAAAJ	3
DLVFrFAAAAAJ	E1knViwAAAAJ	3
Z_jPrx8AAAAJ	XLU7AuYAAAAJ	1
WL8igVEAAAAJ	mL6QKeQAAAAJ	9
CWj6pVcAAAAJ	SXutMMAAAAAJ	1
tyYtUNIAAAAJ	l9QQeHgAAAAJ	2
3HjjRz8AAAAJ	UcbMN8QAAAAJ	1
nk3OcBoAAAAJ	DrUwvK0AAAAJ	1
Q_4d9N0AAAAJ	qPlUgrgAAAAJ	1
2F-jTfEAAAAJ	pHox8i0AAAAJ	1
upREfesAAAAJ	rRBwhFwAAAAJ	31
d6vuvHIAAAAJ	XM97iScAAAAJ	2
U5nGHIIAAAAJ	MMuP6cMAAAAJ	1
c8LH7zUAAAAJ	bRiKI7MAAAAJ	1
gWBoNCsAAAAJ	8iQk0DIAAAAJ	1
8Qu_gAMAAAAJ	J12C3nYAAAAJ	1
aTpJ0fcAAAAJ	wSPgTVwAAAAJ	2
RJCmtBcAAAAJ	x8UnxSoAAAAJ	1
qoFYHTMAAAAJ	pHox8i0AAAAJ	1
9s9o-JcAAAAJ	n-Oret4AAAAJ	1
4agt6FcAAAAJ	VdzVqCwAAAAJ	4
cA28Zs0AAAAJ	fAxws1sAAAAJ	1
UcpEexUAAAAJ	2A6PMfEAAAAJ	12
cGCalUQAAAAJ	xPoCswkAAAAJ	1
hiGGy0kAAAAJ	MMuP6cMAAAAJ	2
JepH3ckAAAAJ	9xDADY4AAAAJ	1
tyYtUNIAAAAJ	sr1HGtUAAAAJ	1
TWXJxcAAAAAJ	tCq7Wx0AAAAJ	1
6qDjHUAAAAAJ	fzSHXS8AAAAJ	1
BIpt-3MAAAAJ	I2PP9XoAAAAJ	1
0RPdShUAAAAJ	H4TdGyYAAAAJ	10
3-y3qmkAAAAJ	yJLnv4QAAAAJ	3
Z03FLwkAAAAJ	bh-uRFMAAAAJ	1
runT3RsAAAAJ	d6CtlCkAAAAJ	1
VIwGymEAAAAJ	Lym3wGUAAAAJ	21
C2lVQO8AAAAJ	MjoZWO8AAAAJ	8
rcGnOdYAAAAJ	PRCbG2kAAAAJ	1
vME86a4AAAAJ	qrHidmsAAAAJ	3
2nmHOtoAAAAJ	wY-Wy6IAAAAJ	1
54w2_AcAAAAJ	2pW1g5IAAAAJ	3
6_oL_9IAAAAJ	bWTPrLEAAAAJ	5
_5tjpG0AAAAJ	Cgx9W6UAAAAJ	1
0zZnyMEAAAAJ	H7vcwSAAAAAJ	1
hs5358sAAAAJ	bnmsbZkAAAAJ	1
d6vuvHIAAAAJ	wY-Wy6IAAAAJ	1
QgGaAdsAAAAJ	JsK4KpMAAAAJ	20
xITAf6EAAAAJ	qPlUgrgAAAAJ	1
kBiBksMAAAAJ	emsMY_sAAAAJ	7
4hNJPNYAAAAJ	toODfV4AAAAJ	1
bsotxTgAAAAJ	YJVAXCwAAAAJ	1
DYZsiAIAAAAJ	jtOKGpIAAAAJ	1
SjjIQ24AAAAJ	DWKoeW0AAAAJ	1
jsxk8vsAAAAJ	qq-SXN8AAAAJ	2
oVygx30AAAAJ	0jtFgaAAAAAJ	20
1qqf7D0AAAAJ	9ADkQMAAAAAJ	3
qC7oNRUAAAAJ	jTzDAsIAAAAJ	20
SjjIQ24AAAAJ	DZ3S--MAAAAJ	27
BLDtWVEAAAAJ	HUxQ1TAAAAAJ	7
qoFYHTMAAAAJ	HgaNy9kAAAAJ	1
tCq7Wx0AAAAJ	33CH6WUAAAAJ	8
avGnwvwAAAAJ	5c38WVcAAAAJ	1
Nq_T4UwAAAAJ	wSPgTVwAAAAJ	9
T1j6LZAAAAAJ	oSFVC3MAAAAJ	2
aPxDp7wAAAAJ	6yoY1d8AAAAJ	2
Pi012CQAAAAJ	G7D5O-0AAAAJ	6
FDu4ciwAAAAJ	2E448xEAAAAJ	1
toODfV4AAAAJ	Ui8pnoIAAAAJ	23
HleefHQAAAAJ	FreXC9IAAAAJ	2
jDKM_4AAAAAJ	97MiT_0AAAAJ	1
mFPXD90AAAAJ	lELCubQAAAAJ	1
7QbSKnMAAAAJ	P5eWdgsAAAAJ	3
yxUduqMAAAAJ	GUAoEcAAAAAJ	3
w4_W1PkAAAAJ	ggKzpqIAAAAJ	11
jTzDAsIAAAAJ	6qfyAZQAAAAJ	16
Uk8VhXEAAAAJ	tyYtUNIAAAAJ	3
Da-s1FQAAAAJ	d6CtlCkAAAAJ	1
L-pC28sAAAAJ	tyYtUNIAAAAJ	1
nM77MX0AAAAJ	2E448xEAAAAJ	1
n-Oret4AAAAJ	hc1m_BQAAAAJ	1
runT3RsAAAAJ	iJakSYUAAAAJ	3
A4D_M_EAAAAJ	c79hBb0AAAAJ	3
8rw_o7UAAAAJ	dewEBisAAAAJ	5
3-y3qmkAAAAJ	WZ0030cAAAAJ	10
tCq7Wx0AAAAJ	e3_l6fwAAAAJ	1
KQmFXsoAAAAJ	rHHKG_AAAAAJ	6
ojH7GEgAAAAJ	cA28Zs0AAAAJ	3
-cuxoSQAAAAJ	forPRN8AAAAJ	19
5Tw9egMAAAAJ	F6tblNcAAAAJ	1
vHsgntwAAAAJ	0-tewh8AAAAJ	87
CWj6pVcAAAAJ	HUxQ1TAAAAAJ	71
0zZnyMEAAAAJ	nM77MX0AAAAJ	5
iNANm-sAAAAJ	2E448xEAAAAJ	1
VGoSakQAAAAJ	gWBoNCsAAAAJ	2
CUkAtC4AAAAJ	w_lm_toAAAAJ	5
RJCmtBcAAAAJ	n6wC7nwAAAAJ	1
Q6WtK04AAAAJ	OQ4t3U4AAAAJ	1
VVpfyhsAAAAJ	XeYCNAwAAAAJ	1
wNIKmGoAAAAJ	ocXMyBcAAAAJ	1
qoFYHTMAAAAJ	vJ1MBM4AAAAJ	1
K8vJkTcAAAAJ	Juoqtj8AAAAJ	15
8Kk2MugAAAAJ	upREfesAAAAJ	27
cilyP7wAAAAJ	6yoY1d8AAAAJ	22
0v5utcwAAAAJ	9xDADY4AAAAJ	2
vME86a4AAAAJ	UuSk_zkAAAAJ	5
vm1u2DEAAAAJ	5P3knO0AAAAJ	1
g_JVzmIAAAAJ	SyQ-T8cAAAAJ	7
HM7WbsgAAAAJ	LWAFHkEAAAAJ	34
5P3knO0AAAAJ	BECu7wYAAAAJ	1
b9Bod2MAAAAJ	wvVg44gAAAAJ	3
C4m8TSUAAAAJ	iJakSYUAAAAJ	1
09JS7eAAAAAJ	fAxws1sAAAAJ	1
Q6WtK04AAAAJ	eYVXgAoAAAAJ	1
2F-jTfEAAAAJ	HgaNy9kAAAAJ	1
3ekS0ucAAAAJ	nKVDcQoAAAAJ	8
VP-d_2gAAAAJ	HUxQ1TAAAAAJ	19
F6tblNcAAAAJ	rcGnOdYAAAAJ	4
oe-jFWAAAAAJ	VdzVqCwAAAAJ	23
qoFYHTMAAAAJ	nKVDcQoAAAAJ	1
kSuuj6UAAAAJ	klpr-t0AAAAJ	1
1qqf7D0AAAAJ	loPUpHQAAAAJ	1
Cgx9W6UAAAAJ	bYlFzsYAAAAJ	5
LWAFHkEAAAAJ	y3_tUqsAAAAJ	31
zZO9qG4AAAAJ	pHox8i0AAAAJ	2
mQ4jIssAAAAJ	L8yAc8sAAAAJ	1
qC7oNRUAAAAJ	6k7bp8IAAAAJ	1
ziDobv4AAAAJ	5Tw9egMAAAAJ	1
DLVFrFAAAAAJ	Icl5BnYAAAAJ	5
4K7L-eAAAAAJ	UcpEexUAAAAJ	6
DqCFHY8AAAAJ	2K_KqskAAAAJ	2
p0tQZiAAAAAJ	v0GIoEgAAAAJ	1
I1RqBRoAAAAJ	6gWs-scAAAAJ	11
Da-s1FQAAAAJ	MMuP6cMAAAAJ	2
YJVAXCwAAAAJ	8KbzXvoAAAAJ	1
HdLFmroAAAAJ	tpoh43QAAAAJ	5
g_JVzmIAAAAJ	LwNkL3cAAAAJ	7
o_a5zckAAAAJ	9TpPcjoAAAAJ	9
XeYCNAwAAAAJ	bRiKI7MAAAAJ	2
3hrNqygAAAAJ	3JRh4RUAAAAJ	12
MrVb9FkAAAAJ	W362rUwAAAAJ	1
tHNXlAYAAAAJ	AQG8WlcAAAAJ	1
o_a5zckAAAAJ	x0ViSaoAAAAJ	2
cA28Zs0AAAAJ	2OJOZTUAAAAJ	10
3bSbb20AAAAJ	8Qu_gAMAAAAJ	1
WwadVmIAAAAJ	OQ4t3U4AAAAJ	38
jIOynFgAAAAJ	5P3knO0AAAAJ	3
ojH7GEgAAAAJ	6qfyAZQAAAAJ	1
0zZnyMEAAAAJ	wNIKmGoAAAAJ	1
0WVyaVMAAAAJ	cb5JccEAAAAJ	8
vzxeLyIAAAAJ	--RZd-sAAAAJ	3
5_2_THUAAAAJ	iSq5G8cAAAAJ	1
cuRERDcAAAAJ	ZflJqeUAAAAJ	1
SqMUez0AAAAJ	n6wC7nwAAAAJ	1
Q29WmWwAAAAJ	VDhnOHEAAAAJ	16
WZ-h67UAAAAJ	3ro8yF4AAAAJ	1
3qYUSDwAAAAJ	aPxDp7wAAAAJ	1
CUkAtC4AAAAJ	XfYRqF4AAAAJ	3
DWKoeW0AAAAJ	DZ3S--MAAAAJ	1
n-Oret4AAAAJ	GUAoEcAAAAAJ	3
A5vhsIYAAAAJ	6k7bp8IAAAAJ	1
bh-uRFMAAAAJ	8kA3eDwAAAAJ	1
8GA4R2wAAAAJ	tCq7Wx0AAAAJ	12
cA28Zs0AAAAJ	Qf4bw4UAAAAJ	3
cA28Zs0AAAAJ	WL8igVEAAAAJ	1
Da-s1FQAAAAJ	6k7bp8IAAAAJ	1
-deXrt8AAAAJ	mvdw03oAAAAJ	25
rr944LsAAAAJ	JwQWFLkAAAAJ	1
Ay_j7dUAAAAJ	88L1-JYAAAAJ	1
qvKcICQAAAAJ	klpr-t0AAAAJ	2
Q6WtK04AAAAJ	L-pC28sAAAAJ	1
JJ31S6UAAAAJ	ZwBxbEUAAAAJ	5
xxN4UiEAAAAJ	g4DdvyEAAAAJ	1
Da-s1FQAAAAJ	x8UnxSoAAAAJ	2
cA28Zs0AAAAJ	hM8uAwoAAAAJ	1
Q_4d9N0AAAAJ	H7vcwSAAAAAJ	3
I1RqBRoAAAAJ	8Qu_gAMAAAAJ	1
54w2_AcAAAAJ	VVpfyhsAAAAJ	9
aTpJ0fcAAAAJ	L9dwKyUAAAAJ	1
oN85b_gAAAAJ	l9QQeHgAAAAJ	24
NFmCFlsAAAAJ	AlGQ8ZEAAAAJ	35
J12C3nYAAAAJ	yxUduqMAAAAJ	1
f2x233wAAAAJ	DWKoeW0AAAAJ	2
p_QR9RUAAAAJ	rQ8F7rIAAAAJ	40
-N-_kgsAAAAJ	SqMUez0AAAAJ	19
0pp-L_IAAAAJ	nKVDcQoAAAAJ	1
L-pC28sAAAAJ	1o_wrqsAAAAJ	7
ftAplLUAAAAJ	F6tblNcAAAAJ	4
-0LFOnYAAAAJ	7jKj_NcAAAAJ	2
yQXfAWMAAAAJ	n6wC7nwAAAAJ	4
U5nGHIIAAAAJ	hM8uAwoAAAAJ	1
X6vPtQEAAAAJ	BDZ2z6YAAAAJ	1
KgZxzjsAAAAJ	CPqBDqUAAAAJ	1
gz-6ugcAAAAJ	hM8uAwoAAAAJ	1
Kf97-EkAAAAJ	qXb4xQMAAAAJ	31
JSFmVQEAAAAJ	Viv2E9AAAAAJ	2
8GA4R2wAAAAJ	A5vhsIYAAAAJ	1
qoFYHTMAAAAJ	Qhe5ua0AAAAJ	1
qvKcICQAAAAJ	WwadVmIAAAAJ	4
MYFF5l4AAAAJ	p_QR9RUAAAAJ	9
GbLB9aAAAAAJ	sr1HGtUAAAAJ	1
YLOz1kgAAAAJ	RAiewnEAAAAJ	1
n-Oret4AAAAJ	KgZxzjsAAAAJ	1
bWOQjSIAAAAJ	IZPamgMAAAAJ	9
CUkAtC4AAAAJ	f9iP-80AAAAJ	2
yvvjnhIAAAAJ	ZRrTqs8AAAAJ	2
HRSDO6IAAAAJ	ptI-HHkAAAAJ	1
ZnvGMSIAAAAJ	x3c1R2gAAAAJ	1
toODfV4AAAAJ	fAw_t5EAAAAJ	5
NHZdlVkAAAAJ	_4i-G3YAAAAJ	2
w7Mnkc4AAAAJ	cza7nLcAAAAJ	2
0v5utcwAAAAJ	RAiewnEAAAAJ	2
PIIoaKMAAAAJ	_X-PrRkAAAAJ	3
ln3BGqgAAAAJ	ymDJ6oIAAAAJ	1
L05BN0sAAAAJ	85EVVHQAAAAJ	1
vuKTnnsAAAAJ	PfgeYGwAAAAJ	1
n-Oret4AAAAJ	s4yZTp4AAAAJ	1
KgZxzjsAAAAJ	qPlUgrgAAAAJ	5
p0tQZiAAAAAJ	-iqhJgQAAAAJ	1
6foKsAIAAAAJ	07ds-DAAAAAJ	1
8VfMkGsAAAAJ	klpr-t0AAAAJ	3
NHZdlVkAAAAJ	U9oBOmMAAAAJ	13
cO2uYoAAAAAJ	vXHA_XYAAAAJ	23
CUkAtC4AAAAJ	fhOi--4AAAAJ	4
nk3OcBoAAAAJ	uVBjUtAAAAAJ	2
fAxws1sAAAAJ	zfTbkBkAAAAJ	1
d9f_YvcAAAAJ	tCq7Wx0AAAAJ	26
pWQGJWEAAAAJ	YnYx_TgAAAAJ	1
VGoSakQAAAAJ	CPqBDqUAAAAJ	2
snf71h4AAAAJ	6qDjHUAAAAAJ	4
54w2_AcAAAAJ	3DtMaPEAAAAJ	9
Z_jPrx8AAAAJ	uVBjUtAAAAAJ	1
rLSUeLsAAAAJ	ZflJqeUAAAAJ	1
I1RqBRoAAAAJ	J12C3nYAAAAJ	1
8GA4R2wAAAAJ	Cgx9W6UAAAAJ	3
c7reUlAAAAAJ	4PzSxEMAAAAJ	80
bHm5I5sAAAAJ	-WVPmUkAAAAJ	1
aLOSzWwAAAAJ	97MiT_0AAAAJ	1
ClBxwZkAAAAJ	rcGnOdYAAAAJ	6
RJCmtBcAAAAJ	Cgx9W6UAAAAJ	1
CWj6pVcAAAAJ	L05BN0sAAAAJ	1
XeYCNAwAAAAJ	07ds-DAAAAAJ	1
I1RqBRoAAAAJ	nKVDcQoAAAAJ	1
X6vPtQEAAAAJ	vHN9guYAAAAJ	15
09JS7eAAAAAJ	e49cxvUAAAAJ	1
fv1RjgEAAAAJ	wvVg44gAAAAJ	25
8VfMkGsAAAAJ	Ay_j7dUAAAAJ	3
bNkvbPMAAAAJ	l8wiON4AAAAJ	6
t4rXchwAAAAJ	YOVZiJkAAAAJ	1
HhKyc4EAAAAJ	6foKsAIAAAAJ	1
U5nGHIIAAAAJ	d6CtlCkAAAAJ	1
qC7oNRUAAAAJ	Da-s1FQAAAAJ	1
mIZu9oQAAAAJ	KQm_HnIAAAAJ	1
4K7L-eAAAAAJ	2A6PMfEAAAAJ	64
vm1u2DEAAAAJ	_HYCqwkAAAAJ	1
TWXJxcAAAAAJ	Rt1a5-6vh4UC	9
SqMUez0AAAAJ	rnR3JrYAAAAJ	20
I1RqBRoAAAAJ	dgobB6AAAAAJ	1
K8vJkTcAAAAJ	Kf97-EkAAAAJ	6
DYZsiAIAAAAJ	--VLCRoAAAAJ	6
EYsanUcAAAAJ	HgaNy9kAAAAJ	1
Z03FLwkAAAAJ	WH2KmRgAAAAJ	1
3HjjRz8AAAAJ	YhFEmpMAAAAJ	2
WZ-h67UAAAAJ	Hzb4ZWEAAAAJ	2
4xHzvxkAAAAJ	DWKoeW0AAAAJ	1
WL8igVEAAAAJ	CPqBDqUAAAAJ	1
ojH7GEgAAAAJ	mIZu9oQAAAAJ	1
jDKM_4AAAAAJ	eYVXgAoAAAAJ	1
FVsf9rkAAAAJ	VdzVqCwAAAAJ	20
avGnwvwAAAAJ	6k7bp8IAAAAJ	1
jsxk8vsAAAAJ	NByrsK0AAAAJ	10
mDoQWSwAAAAJ	nKVDcQoAAAAJ	9
qvKcICQAAAAJ	1o_wrqsAAAAJ	1
VdzVqCwAAAAJ	ctlAGI0AAAAJ	6
0zZnyMEAAAAJ	yxUduqMAAAAJ	1
yepPD_cAAAAJ	1sMNiJIAAAAJ	1
yepPD_cAAAAJ	GgKnNwEAAAAJ	1
0zZnyMEAAAAJ	NafmldkAAAAJ	1
OJ2WdXAAAAAJ	iBbfPfUAAAAJ	12
SqMUez0AAAAJ	6_oL_9IAAAAJ	1
mhTBmDkAAAAJ	Cgx9W6UAAAAJ	7
runT3RsAAAAJ	RJCmtBcAAAAJ	60
0nOfuMgAAAAJ	DLVFrFAAAAAJ	4
mlw_NjoAAAAJ	FlZ-5sMAAAAJ	9
oN85b_gAAAAJ	0jtFgaAAAAAJ	7
ggKzpqIAAAAJ	M6QwrLAAAAAJ	5
JepH3ckAAAAJ	im5aMngAAAAJ	1
NHZdlVkAAAAJ	Kf97-EkAAAAJ	1
YOZbkCEAAAAJ	4VJre9IAAAAJ	10
hM8uAwoAAAAJ	u18hG4gAAAAJ	4
SqMUez0AAAAJ	Cgx9W6UAAAAJ	2
mWcHXJcAAAAJ	5ZpsRswAAAAJ	5
pHox8i0AAAAJ	XeYCNAwAAAAJ	2
CPqBDqUAAAAJ	Da-s1FQAAAAJ	1
_U9bzEAAAAAJ	pxp6lUEAAAAJ	1
MYqlcPgAAAAJ	FWjqglcAAAAJ	1
XLU7AuYAAAAJ	rcGnOdYAAAAJ	1
p_QR9RUAAAAJ	4PzSxEMAAAAJ	69
z17wdcsAAAAJ	jR3NLMsAAAAJ	16
p0tQZiAAAAAJ	YbSq5T0AAAAJ	2
avGnwvwAAAAJ	VGoSakQAAAAJ	1
sWCpXFgAAAAJ	uBbYp8gAAAAJ	1
nM77MX0AAAAJ	3qYUSDwAAAAJ	1
jDKM_4AAAAAJ	AsMU1QsAAAAJ	2
PIIoaKMAAAAJ	e49cxvUAAAAJ	2
YBQai3gAAAAJ	3RV_GAwAAAAJ	1
iJakSYUAAAAJ	xITAf6EAAAAJ	1
_X-PrRkAAAAJ	ln3BGqgAAAAJ	23
upREfesAAAAJ	7QbSKnMAAAAJ	8
NSCF6GUAAAAJ	g4DdvyEAAAAJ	8
DWKoeW0AAAAJ	FEj19lcAAAAJ	6
4VJre9IAAAAJ	yxUduqMAAAAJ	1
b9Bod2MAAAAJ	bnmsbZkAAAAJ	1
NHZdlVkAAAAJ	qPlUgrgAAAAJ	2
--VLCRoAAAAJ	forPRN8AAAAJ	11
ZqTie5sAAAAJ	w_lm_toAAAAJ	5
g9yhtN8AAAAJ	x8UnxSoAAAAJ	2
WZ-h67UAAAAJ	5QYkLKoAAAAJ	1
cA28Zs0AAAAJ	n6wC7nwAAAAJ	6
cA28Zs0AAAAJ	4xHzvxkAAAAJ	1
qvKcICQAAAAJ	SRUYLREAAAAJ	3
4xHzvxkAAAAJ	33CH6WUAAAAJ	5
I98W4K0AAAAJ	ggKzpqIAAAAJ	8
l9UHHYgAAAAJ	h9Tji70AAAAJ	1
runT3RsAAAAJ	JQsX7rAAAAAJ	1
tCq7Wx0AAAAJ	6qfyAZQAAAAJ	2
qC7oNRUAAAAJ	xjVBcr4AAAAJ	10
XgifkSsAAAAJ	t4rXchwAAAAJ	1
tpoh43QAAAAJ	s4yZTp4AAAAJ	1
UhQJOB4AAAAJ	ocXMyBcAAAAJ	4
L-pC28sAAAAJ	Ay_j7dUAAAAJ	6
bsotxTgAAAAJ	FBR3XoEAAAAJ	1
mtB5szIAAAAJ	qrVndScAAAAJ	27
54w2_AcAAAAJ	tCq7Wx0AAAAJ	1
-WVPmUkAAAAJ	G7pJdK4AAAAJ	1
p_QR9RUAAAAJ	-6maX04AAAAJ	1
I1RqBRoAAAAJ	KgZxzjsAAAAJ	1
YOVZiJkAAAAJ	PEEpuNwAAAAJ	35
ptI-HHkAAAAJ	Juoqtj8AAAAJ	2
L-pC28sAAAAJ	WwadVmIAAAAJ	18
aLOSzWwAAAAJ	Da-s1FQAAAAJ	1
WRlzk3UAAAAJ	qq-SXN8AAAAJ	1
sMSUuY8AAAAJ	Uk8VhXEAAAAJ	2
UruIct4AAAAJ	ptI-HHkAAAAJ	16
Da-s1FQAAAAJ	n6wC7nwAAAAJ	2
jIOynFgAAAAJ	rcGnOdYAAAAJ	1
gfpmAkQAAAAJ	BkygZFsAAAAJ	3
bWOQjSIAAAAJ	55pOyCkAAAAJ	4
Z0uxspMAAAAJ	vm1u2DEAAAAJ	1
2nmHOtoAAAAJ	6yoY1d8AAAAJ	15
Cgx9W6UAAAAJ	EySbr8sAAAAJ	4
VjETp_wAAAAJ	tyYtUNIAAAAJ	2
nfeNsaoAAAAJ	q4FqPgYAAAAJ	1
SSNUvb8AAAAJ	ggKzpqIAAAAJ	5
rynvwScAAAAJ	G5_VFfkAAAAJ	3
oe-jFWAAAAAJ	GHsoyKIAAAAJ	1
ptI-HHkAAAAJ	LM_QwbUAAAAJ	5
ggKzpqIAAAAJ	p0tQZiAAAAAJ	14
8Qu_gAMAAAAJ	dgobB6AAAAAJ	2
A4D_M_EAAAAJ	tyYtUNIAAAAJ	5
GUAoEcAAAAAJ	hmq4rGIAAAAJ	15
aTpJ0fcAAAAJ	cuEHP_IAAAAJ	1
HRSDO6IAAAAJ	Dl0vAp8AAAAJ	1
3-y3qmkAAAAJ	G7D5O-0AAAAJ	2
cA28Zs0AAAAJ	6k7bp8IAAAAJ	1
rnR3JrYAAAAJ	XeYCNAwAAAAJ	1
9s9o-JcAAAAJ	0zZnyMEAAAAJ	1
qPlUgrgAAAAJ	ZRrTqs8AAAAJ	2
8Kk2MugAAAAJ	rRBwhFwAAAAJ	7
VspDmN8AAAAJ	rRBwhFwAAAAJ	8
gWBoNCsAAAAJ	T1P0XnIAAAAJ	1
CYwffSUAAAAJ	l9QQeHgAAAAJ	1
YPq3ax4AAAAJ	qi7fvXoAAAAJ	5
cuEHP_IAAAAJ	s2o3_90AAAAJ	1
wAoRV_AAAAAJ	3kp_a7EAAAAJ	2
TOAnGa8AAAAJ	ycVm-gkAAAAJ	2
yepPD_cAAAAJ	_ZIAy3cAAAAJ	2
3Zg-7o4AAAAJ	nKVDcQoAAAAJ	1
No-GJRQAAAAJ	sr1HGtUAAAAJ	2
ZVMcyxYAAAAJ	BAdQpFkAAAAJ	1
xWnnHzYAAAAJ	H4TdGyYAAAAJ	2
gIqECGgAAAAJ	x8UnxSoAAAAJ	2
Q29WmWwAAAAJ	H4TdGyYAAAAJ	10
vME86a4AAAAJ	dMVI-XIAAAAJ	12
xWnnHzYAAAAJ	FWjqglcAAAAJ	1
BAdQpFkAAAAJ	YOVZiJkAAAAJ	40
qC7oNRUAAAAJ	nM77MX0AAAAJ	1
xITAf6EAAAAJ	FlZ-5sMAAAAJ	13
M93Auk4AAAAJ	mlw_NjoAAAAJ	1
aTpJ0fcAAAAJ	M9RDPB0AAAAJ	1
s4yZTp4AAAAJ	n6wC7nwAAAAJ	1
NHZdlVkAAAAJ	yvvjnhIAAAAJ	18
I1RqBRoAAAAJ	_C33NmEAAAAJ	8
VMFWEMcAAAAJ	fAw_t5EAAAAJ	2
MYFF5l4AAAAJ	M5_wxAkAAAAJ	9
ASf9Q04AAAAJ	tpoh43QAAAAJ	2
ZVMcyxYAAAAJ	8Qu_gAMAAAAJ	1
xPoCswkAAAAJ	uVBjUtAAAAAJ	1
klpr-t0AAAAJ	OQ4t3U4AAAAJ	1
eEdKpQgAAAAJ	oSFVC3MAAAAJ	69
bYlFzsYAAAAJ	JQsX7rAAAAAJ	1
bWOQjSIAAAAJ	d6vU434AAAAJ	17
iJakSYUAAAAJ	dgobB6AAAAAJ	1
rynvwScAAAAJ	CPqBDqUAAAAJ	1
qrHidmsAAAAJ	1qqf7D0AAAAJ	3
HgaNy9kAAAAJ	bh-uRFMAAAAJ	1
rnBRPpQAAAAJ	G7D5O-0AAAAJ	1
rLSUeLsAAAAJ	X6vPtQEAAAAJ	26
Xv5EbpcAAAAJ	85EVVHQAAAAJ	1
GhpkHDAAAAAJ	lELCubQAAAAJ	5
FBR3XoEAAAAJ	_QU1opsAAAAJ	1
xxIrRjcAAAAJ	8KbzXvoAAAAJ	14
tCq7Wx0AAAAJ	88L1-JYAAAAJ	15
snf71h4AAAAJ	Viv2E9AAAAAJ	5
WwadVmIAAAAJ	eYVXgAoAAAAJ	5
3bSbb20AAAAJ	s4yZTp4AAAAJ	1
ZOh4TtIAAAAJ	loPUpHQAAAAJ	4
T1j6LZAAAAAJ	L8yAc8sAAAAJ	1
Qf4bw4UAAAAJ	DZ3S--MAAAAJ	1
DYZsiAIAAAAJ	-cuxoSQAAAAJ	3
cA28Zs0AAAAJ	HgaNy9kAAAAJ	1
zfTbkBkAAAAJ	JsK4KpMAAAAJ	3
33CH6WUAAAAJ	ZRrTqs8AAAAJ	56
HgaNy9kAAAAJ	33CH6WUAAAAJ	2
3-y3qmkAAAAJ	j1uE6L0AAAAJ	1
runT3RsAAAAJ	0jtFgaAAAAAJ	24
tCq7Wx0AAAAJ	ZRrTqs8AAAAJ	5
4xHzvxkAAAAJ	pHox8i0AAAAJ	15
X6vPtQEAAAAJ	j9EXF1AAAAAJ	19
2pW1g5IAAAAJ	gUEkPQEAAAAJ	66
ghPIMpgAAAAJ	1guy5W4AAAAJ	2
JQsX7rAAAAAJ	d6CtlCkAAAAJ	1
VspDmN8AAAAJ	7QbSKnMAAAAJ	1
EYsanUcAAAAJ	DZ3S--MAAAAJ	1
QY-earAAAAAJ	CPqBDqUAAAAJ	1
CPqBDqUAAAAJ	97MiT_0AAAAJ	1
bOKmjf8AAAAJ	MMuP6cMAAAAJ	2
rnR3JrYAAAAJ	yvvjnhIAAAAJ	3
vuKTnnsAAAAJ	dHXCX-sAAAAJ	2
forPRN8AAAAJ	5P3knO0AAAAJ	51
C4m8TSUAAAAJ	nKVDcQoAAAAJ	1
HdLFmroAAAAJ	tHNANpEAAAAJ	7
CPqBDqUAAAAJ	T1P0XnIAAAAJ	2
WL8igVEAAAAJ	rYsw7D4AAAAJ	3
vHsgntwAAAAJ	HUxQ1TAAAAAJ	3
0nOfuMgAAAAJ	8_Yj_RwAAAAJ	1
T1j6LZAAAAAJ	d6vU434AAAAJ	1
FWjqglcAAAAJ	C2lVQO8AAAAJ	15
OQ4t3U4AAAAJ	sr1HGtUAAAAJ	1
UnDfo6sAAAAJ	tHNXlAYAAAAJ	1
Q29WmWwAAAAJ	FWjqglcAAAAJ	9
HhKyc4EAAAAJ	OcNPtuUAAAAJ	1
WZ-h67UAAAAJ	vHN9guYAAAAJ	5
cilyP7wAAAAJ	1dxAw1cAAAAJ	3
olCWoa8AAAAJ	UcbMN8QAAAAJ	1
MYqlcPgAAAAJ	07ds-DAAAAAJ	4
BAdQpFkAAAAJ	PEEpuNwAAAAJ	1
G7D5O-0AAAAJ	88L1-JYAAAAJ	6
Xv5EbpcAAAAJ	uVBjUtAAAAAJ	1
jDKM_4AAAAAJ	C4m8TSUAAAAJ	1
fAxws1sAAAAJ	SB3_eb0AAAAJ	1
2nmHOtoAAAAJ	CcSZwTsAAAAJ	37
bh-uRFMAAAAJ	Juoqtj8AAAAJ	1
DYZsiAIAAAAJ	-809YacAAAAJ	3
UnDfo6sAAAAJ	-809YacAAAAJ	1
KgZxzjsAAAAJ	97MiT_0AAAAJ	1
NByrsK0AAAAJ	tyYtUNIAAAAJ	2
l8wiON4AAAAJ	CcSZwTsAAAAJ	8
_HYCqwkAAAAJ	ZflJqeUAAAAJ	1
GjFfiVwAAAAJ	azcMaLoAAAAJ	7
8GA4R2wAAAAJ	83an8lYAAAAJ	14
CYwffSUAAAAJ	KQmFXsoAAAAJ	9
db9WLdcAAAAJ	2A6PMfEAAAAJ	2
ZhcSLWsAAAAJ	ZnvGMSIAAAAJ	1
3Zg-7o4AAAAJ	fAw_t5EAAAAJ	9
oSFVC3MAAAAJ	0HhpXIwAAAAJ	1
nk3OcBoAAAAJ	2Zeqd3QAAAAJ	25
g9yhtN8AAAAJ	lnC1vbAAAAAJ	13
YCZYhF8AAAAJ	-DtKfGcAAAAJ	13
gWBoNCsAAAAJ	9xDADY4AAAAJ	1
M6QwrLAAAAAJ	YhFEmpMAAAAJ	5
8iQk0DIAAAAJ	6k7bp8IAAAAJ	1
cA28Zs0AAAAJ	d6CtlCkAAAAJ	2
UnDfo6sAAAAJ	DYZsiAIAAAAJ	13
GbLB9aAAAAAJ	SRUYLREAAAAJ	1
jsxk8vsAAAAJ	W362rUwAAAAJ	4
snf71h4AAAAJ	JSFmVQEAAAAJ	1
KgZxzjsAAAAJ	bh-uRFMAAAAJ	2
4bHLr_IAAAAJ	1guy5W4AAAAJ	2
54w2_AcAAAAJ	tFjo6FwAAAAJ	7
cuEHP_IAAAAJ	iBbfPfUAAAAJ	1
CWj6pVcAAAAJ	yiiVQ1MAAAAJ	19
yvvjnhIAAAAJ	6qfyAZQAAAAJ	2
cA28Zs0AAAAJ	GUAoEcAAAAAJ	1
8_Yj_RwAAAAJ	ZflJqeUAAAAJ	10
Viv2E9AAAAAJ	DSiNzkIAAAAJ	2
_D5W9yUAAAAJ	ZflJqeUAAAAJ	14
d-Zq1l0AAAAJ	x8UnxSoAAAAJ	1
GlBl-VUAAAAJ	E1knViwAAAAJ	1
zTedPdwAAAAJ	rcGnOdYAAAAJ	4
PfgeYGwAAAAJ	SnvLcLEAAAAJ	30
2OJOZTUAAAAJ	qPlUgrgAAAAJ	1
QY-earAAAAAJ	Q_4d9N0AAAAJ	1
7jKj_NcAAAAJ	4xHzvxkAAAAJ	1
dHXCX-sAAAAJ	q_n7d6EAAAAJ	1
rnR3JrYAAAAJ	5V852JcAAAAJ	1
HgaNy9kAAAAJ	rE1Y8DoAAAAJ	1
jTzDAsIAAAAJ	J12C3nYAAAAJ	1
54w2_AcAAAAJ	13gSrSQAAAAJ	5
HgaNy9kAAAAJ	DSiNzkIAAAAJ	1
yvvjnhIAAAAJ	pHox8i0AAAAJ	3
54w2_AcAAAAJ	DZ3S--MAAAAJ	1
8Kk2MugAAAAJ	fv1RjgEAAAAJ	4
FVsf9rkAAAAJ	GHsoyKIAAAAJ	5
LTL9MjwAAAAJ	yxUduqMAAAAJ	1
sWCpXFgAAAAJ	tCq7Wx0AAAAJ	2
ZmiirIwAAAAJ	0HhpXIwAAAAJ	1
_HDO25IAAAAJ	YCZYhF8AAAAJ	10
wTulq9QAAAAJ	6Pmbv8IAAAAJ	7
0v5utcwAAAAJ	mZxsTCcAAAAJ	1
CWj6pVcAAAAJ	BECu7wYAAAAJ	1
YBQai3gAAAAJ	PEEpuNwAAAAJ	11
MMuP6cMAAAAJ	n6wC7nwAAAAJ	2
CPqBDqUAAAAJ	bh-uRFMAAAAJ	1
-DtKfGcAAAAJ	l0RoHAQAAAAJ	4
CWj6pVcAAAAJ	YnYx_TgAAAAJ	2
_ZIAy3cAAAAJ	1sMNiJIAAAAJ	1
gwB_pJcAAAAJ	Zy2cIskAAAAJ	1
SqMUez0AAAAJ	hmq4rGIAAAAJ	5
54w2_AcAAAAJ	R-XGnpcAAAAJ	4
s4yZTp4AAAAJ	oizZKrsAAAAJ	1
cO2uYoAAAAAJ	3-y3qmkAAAAJ	2
SSb4uV4AAAAJ	ZOh4TtIAAAAJ	1
4xHzvxkAAAAJ	_4i-G3YAAAAJ	2
HgaNy9kAAAAJ	07ds-DAAAAAJ	1
oizZKrsAAAAJ	1c5IZ0QAAAAJ	4
cA28Zs0AAAAJ	qC7oNRUAAAAJ	15
KvPSD8EAAAAJ	yepPD_cAAAAJ	1
yQXfAWMAAAAJ	W362rUwAAAAJ	6
3bSbb20AAAAJ	ZVMcyxYAAAAJ	7
7jKj_NcAAAAJ	vEbcIKYAAAAJ	122
Da-s1FQAAAAJ	bYlFzsYAAAAJ	1
LDb4tb0AAAAJ	JsK4KpMAAAAJ	10
OcAOpSUAAAAJ	-CVR2h8AAAAJ	15
NByrsK0AAAAJ	oVygx30AAAAJ	1
2nmHOtoAAAAJ	CPqBDqUAAAAJ	1
8iQk0DIAAAAJ	q_n7d6EAAAAJ	2
0zZnyMEAAAAJ	UhQJOB4AAAAJ	1
M93Auk4AAAAJ	HgaNy9kAAAAJ	1
VjETp_wAAAAJ	mvdw03oAAAAJ	1
cO2uYoAAAAAJ	FTYtHb4AAAAJ	1
3qYUSDwAAAAJ	-CVR2h8AAAAJ	5
KQm_HnIAAAAJ	qPlUgrgAAAAJ	1
nKVDcQoAAAAJ	J12C3nYAAAAJ	1
im5aMngAAAAJ	dgobB6AAAAAJ	1
fAw_t5EAAAAJ	WV7XovQAAAAJ	4
DYZsiAIAAAAJ	tyYtUNIAAAAJ	2
snf71h4AAAAJ	WKzKz9gAAAAJ	3
J12C3nYAAAAJ	pHox8i0AAAAJ	5
lgkJg6EAAAAJ	wvVg44gAAAAJ	4
hM8uAwoAAAAJ	d6CtlCkAAAAJ	119
0zZnyMEAAAAJ	36SCzI0AAAAJ	1
f3dhjoYAAAAJ	UuSk_zkAAAAJ	3
qq-SXN8AAAAJ	iTNcAakAAAAJ	1
vuKTnnsAAAAJ	rYsw7D4AAAAJ	6
BkygZFsAAAAJ	x0ViSaoAAAAJ	1
CPqBDqUAAAAJ	XeYCNAwAAAAJ	1
cza7nLcAAAAJ	mDoQWSwAAAAJ	8
vuKTnnsAAAAJ	kR7DersAAAAJ	1
3ro8yF4AAAAJ	0HhpXIwAAAAJ	1
6qDjHUAAAAAJ	M93Auk4AAAAJ	1
3bSbb20AAAAJ	tpoh43QAAAAJ	2
4VJre9IAAAAJ	s4yZTp4AAAAJ	4
8a2Z1loAAAAJ	8Qu_gAMAAAAJ	1
vME86a4AAAAJ	SBVuIBwAAAAJ	4
DqCFHY8AAAAJ	rYSLt_sAAAAJ	2
mWcHXJcAAAAJ	-iEm2rUAAAAJ	1
RJCmtBcAAAAJ	JQsX7rAAAAAJ	2
x8UnxSoAAAAJ	DZ3S--MAAAAJ	1
G7D5O-0AAAAJ	pHox8i0AAAAJ	1
c7reUlAAAAAJ	y3_tUqsAAAAJ	27
36SCzI0AAAAJ	WH2KmRgAAAAJ	1
VDhnOHEAAAAJ	z8NwFvcAAAAJ	1
ZqTie5sAAAAJ	Zc6X700AAAAJ	21
w4_W1PkAAAAJ	v0GIoEgAAAAJ	4
HRSDO6IAAAAJ	-DVbMb4AAAAJ	2
tCq7Wx0AAAAJ	W362rUwAAAAJ	18
Cgx9W6UAAAAJ	MMuP6cMAAAAJ	4
MMuP6cMAAAAJ	q_n7d6EAAAAJ	1
FDu4ciwAAAAJ	yxUduqMAAAAJ	1
nM77MX0AAAAJ	iNANm-sAAAAJ	1
WL8igVEAAAAJ	4VJre9IAAAAJ	1
2F-jTfEAAAAJ	NByrsK0AAAAJ	5
0WVyaVMAAAAJ	z_vUo8EAAAAJ	1
s4yZTp4AAAAJ	hc1m_BQAAAAJ	4
QRyCQq4AAAAJ	MMuP6cMAAAAJ	2
ojH7GEgAAAAJ	NHZdlVkAAAAJ	1
8iQk0DIAAAAJ	im5aMngAAAAJ	2
KBRHCEEAAAAJ	FEj19lcAAAAJ	8
kI5JKs8AAAAJ	enpgnuQAAAAJ	5
WxJIpkcAAAAJ	F2jhvIoAAAAJ	2
-WVPmUkAAAAJ	_X-PrRkAAAAJ	60
KvPSD8EAAAAJ	Q29WmWwAAAAJ	1
KQm_HnIAAAAJ	vXHA_XYAAAAJ	1
cA28Zs0AAAAJ	Cgx9W6UAAAAJ	1
rnR3JrYAAAAJ	Rt1a5-6vh4UC	1
HgaNy9kAAAAJ	FtbGhBQAAAAJ	1
cuRERDcAAAAJ	j9EXF1AAAAAJ	2
pWQGJWEAAAAJ	MO3BwFMAAAAJ	1
_C33NmEAAAAJ	ln3BGqgAAAAJ	4
rr944LsAAAAJ	pWQGJWEAAAAJ	14
qC7oNRUAAAAJ	6qfyAZQAAAAJ	17
NHZdlVkAAAAJ	SB3_eb0AAAAJ	1
oRlrVsAAAAAJ	C4m8TSUAAAAJ	6
CYwffSUAAAAJ	rYsw7D4AAAAJ	1
Z0uxspMAAAAJ	Qth4UmoAAAAJ	13
uBbYp8gAAAAJ	fAw_t5EAAAAJ	2
8a2Z1loAAAAJ	85EVVHQAAAAJ	1
pkjoANMAAAAJ	hM8uAwoAAAAJ	1
tHNANpEAAAAJ	2YZITOgAAAAJ	1
9s9o-JcAAAAJ	NFmCFlsAAAAJ	1
tpoh43QAAAAJ	q_n7d6EAAAAJ	4
7Rh9iP0AAAAJ	ln3BGqgAAAAJ	1
cA28Zs0AAAAJ	HleefHQAAAAJ	1
tCq7Wx0AAAAJ	4xHzvxkAAAAJ	3
xWnnHzYAAAAJ	VDhnOHEAAAAJ	4
qoFYHTMAAAAJ	iNANm-sAAAAJ	1
ziDobv4AAAAJ	9iGjfDkAAAAJ	1
fAxws1sAAAAJ	cuRERDcAAAAJ	1
6_oL_9IAAAAJ	cPmMoXoAAAAJ	26
cA28Zs0AAAAJ	s4yZTp4AAAAJ	4
YtFi-KkAAAAJ	WZ-h67UAAAAJ	2
vm1u2DEAAAAJ	nngRAEYAAAAJ	17
-goooIUAAAAJ	Ay_j7dUAAAAJ	1
gWBoNCsAAAAJ	6k7bp8IAAAAJ	1
aPxDp7wAAAAJ	CcSZwTsAAAAJ	1
QY-earAAAAAJ	qfSkqSUAAAAJ	21
HM7WbsgAAAAJ	4PzSxEMAAAAJ	16
toODfV4AAAAJ	x-cAH-AAAAAJ	11
d9f_YvcAAAAJ	W362rUwAAAAJ	2
-N-_kgsAAAAJ	QRyCQq4AAAAJ	2
pWQGJWEAAAAJ	ggKzpqIAAAAJ	15
CPqBDqUAAAAJ	wY-Wy6IAAAAJ	1
ASf9Q04AAAAJ	HdLFmroAAAAJ	15
wGT17PcAAAAJ	QY-earAAAAAJ	3
5ZpsRswAAAAJ	86AWJ58AAAAJ	7
66qppJsAAAAJ	d6vuvHIAAAAJ	1
rr944LsAAAAJ	w4_W1PkAAAAJ	1
-cuxoSQAAAAJ	XLU7AuYAAAAJ	3
fAxws1sAAAAJ	gyL3CZ0AAAAJ	5
4VJre9IAAAAJ	pHox8i0AAAAJ	96
MO3BwFMAAAAJ	P5eWdgsAAAAJ	1
s4yZTp4AAAAJ	KgZxzjsAAAAJ	3
QY-earAAAAAJ	xITAf6EAAAAJ	1
L05BN0sAAAAJ	8rw_o7UAAAAJ	13
_HYCqwkAAAAJ	rYsw7D4AAAAJ	1
Q_4d9N0AAAAJ	CPqBDqUAAAAJ	1
aLOSzWwAAAAJ	cA28Zs0AAAAJ	1
2OJOZTUAAAAJ	3XYmsKQAAAAJ	2
vEbcIKYAAAAJ	3RV_GAwAAAAJ	14
JSFmVQEAAAAJ	M93Auk4AAAAJ	1
zZO9qG4AAAAJ	n-Oret4AAAAJ	3
T1j6LZAAAAAJ	eEdKpQgAAAAJ	3
gyL3CZ0AAAAJ	QgGaAdsAAAAJ	2
hM8uAwoAAAAJ	gwB_pJcAAAAJ	15
qPlUgrgAAAAJ	rE1Y8DoAAAAJ	1
uBbYp8gAAAAJ	88L1-JYAAAAJ	1
tCq7Wx0AAAAJ	pHox8i0AAAAJ	25
iqiEX78AAAAJ	6Pmbv8IAAAAJ	16
mIZu9oQAAAAJ	30pCSfEAAAAJ	2
fv1RjgEAAAAJ	h8NURnIAAAAJ	11
8a2Z1loAAAAJ	Q_4d9N0AAAAJ	1
Qf4bw4UAAAAJ	cPmMoXoAAAAJ	2
cPmMoXoAAAAJ	97MiT_0AAAAJ	1
bsotxTgAAAAJ	vHsgntwAAAAJ	2
wAoRV_AAAAAJ	VdzVqCwAAAAJ	6
LiLwnssAAAAJ	X6vPtQEAAAAJ	3
CUkAtC4AAAAJ	yepPD_cAAAAJ	2
VVpfyhsAAAAJ	p7XFn7MAAAAJ	2
LTL9MjwAAAAJ	4K7L-eAAAAAJ	1
3-y3qmkAAAAJ	gy4UVGcAAAAJ	2
pxp6lUEAAAAJ	wSPgTVwAAAAJ	1
8iQk0DIAAAAJ	GUAoEcAAAAAJ	1
1qqf7D0AAAAJ	yC-70wMAAAAJ	1
UnDfo6sAAAAJ	5P3knO0AAAAJ	46
A5vhsIYAAAAJ	AaVPa5kAAAAJ	5
yiiVQ1MAAAAJ	HUxQ1TAAAAAJ	5
M5_wxAkAAAAJ	m4gr7P8AAAAJ	23
8GA4R2wAAAAJ	cPmMoXoAAAAJ	1
O-QzGusAAAAJ	pHox8i0AAAAJ	1
Viv2E9AAAAAJ	cPmMoXoAAAAJ	4
w7Mnkc4AAAAJ	3qYUSDwAAAAJ	3
9s9o-JcAAAAJ	07ds-DAAAAAJ	4
T1P0XnIAAAAJ	ITwqf1gAAAAJ	2
WH2KmRgAAAAJ	bh-uRFMAAAAJ	2
runT3RsAAAAJ	tyYtUNIAAAAJ	1
0zZnyMEAAAAJ	8iQk0DIAAAAJ	1
gWBoNCsAAAAJ	WRlzk3UAAAAJ	12
33CH6WUAAAAJ	pHox8i0AAAAJ	10
n-Oret4AAAAJ	EySbr8sAAAAJ	3
6foKsAIAAAAJ	XeYCNAwAAAAJ	2
LWAFHkEAAAAJ	q4FqPgYAAAAJ	18
QY-earAAAAAJ	iJakSYUAAAAJ	1
YCZYhF8AAAAJ	h9Tji70AAAAJ	1
yexUDMQAAAAJ	wSPgTVwAAAAJ	12
8_Yj_RwAAAAJ	BDZ2z6YAAAAJ	1
ASf9Q04AAAAJ	7jKj_NcAAAAJ	2
CPqBDqUAAAAJ	qPlUgrgAAAAJ	1
vm1u2DEAAAAJ	ZflJqeUAAAAJ	2
0zZnyMEAAAAJ	XM97iScAAAAJ	1
ZflJqeUAAAAJ	E1knViwAAAAJ	13
ZflJqeUAAAAJ	HUxQ1TAAAAAJ	1
97MiT_0AAAAJ	qPlUgrgAAAAJ	1
2nmHOtoAAAAJ	Viv2E9AAAAAJ	1
wY-Wy6IAAAAJ	uVBjUtAAAAAJ	8
YCZYhF8AAAAJ	qVKYugIAAAAJ	11
mgva3UgAAAAJ	FEj19lcAAAAJ	1
Q_4d9N0AAAAJ	8kA3eDwAAAAJ	1
Da-s1FQAAAAJ	bOKmjf8AAAAJ	1
Qf4bw4UAAAAJ	Q5KT-hEAAAAJ	1
Uk8VhXEAAAAJ	ln3BGqgAAAAJ	4
KbaDWTMAAAAJ	Be1OTOcAAAAJ	1
ASf9Q04AAAAJ	-0LFOnYAAAAJ	2
x7huTU0AAAAJ	VdzVqCwAAAAJ	17
qoFYHTMAAAAJ	DSiNzkIAAAAJ	2
ptI-HHkAAAAJ	G7D5O-0AAAAJ	2
NafmldkAAAAJ	T1P0XnIAAAAJ	1
9iGjfDkAAAAJ	bnmsbZkAAAAJ	3
KQmFXsoAAAAJ	rYsw7D4AAAAJ	9
JSFmVQEAAAAJ	J12C3nYAAAAJ	1
PLKoRXsAAAAJ	ftAplLUAAAAJ	3
4bHLr_IAAAAJ	_D5W9yUAAAAJ	4
nM77MX0AAAAJ	DSiNzkIAAAAJ	4
mtB5szIAAAAJ	54w2_AcAAAAJ	1
4VJre9IAAAAJ	GUAoEcAAAAAJ	1
JsK4KpMAAAAJ	uVBjUtAAAAAJ	1
tpoh43QAAAAJ	oizZKrsAAAAJ	1
4VJre9IAAAAJ	88L1-JYAAAAJ	1
_4i-G3YAAAAJ	M6urChQAAAAJ	7
lgkJg6EAAAAJ	h8NURnIAAAAJ	5
Viv2E9AAAAAJ	2E448xEAAAAJ	2
iBbfPfUAAAAJ	0YxIvbEAAAAJ	2
ZtQVZawAAAAJ	DWKoeW0AAAAJ	1
d6vuvHIAAAAJ	6k7bp8IAAAAJ	1
yQXfAWMAAAAJ	fAw_t5EAAAAJ	43
uBbYp8gAAAAJ	pHox8i0AAAAJ	1
66qppJsAAAAJ	WH2KmRgAAAAJ	1
54w2_AcAAAAJ	RJCmtBcAAAAJ	2
yvvjnhIAAAAJ	hmq4rGIAAAAJ	1
HgaNy9kAAAAJ	vJ1MBM4AAAAJ	2
qvKcICQAAAAJ	No-GJRQAAAAJ	3
-CVR2h8AAAAJ	CcSZwTsAAAAJ	25
tyYtUNIAAAAJ	yC-70wMAAAAJ	5
PfgeYGwAAAAJ	dHXCX-sAAAAJ	1
bsotxTgAAAAJ	qi7fvXoAAAAJ	2
f3dhjoYAAAAJ	vME86a4AAAAJ	1
UruIct4AAAAJ	q92q8SMAAAAJ	11
YAgmYI8AAAAJ	G7pJdK4AAAAJ	1
cuRERDcAAAAJ	P6qnxgcAAAAJ	3
T1P0XnIAAAAJ	XTakCM0AAAAJ	1
3HjjRz8AAAAJ	rr944LsAAAAJ	3
cA28Zs0AAAAJ	mIZu9oQAAAAJ	1
TP-Jxn4AAAAJ	rcGnOdYAAAAJ	1
0pp-L_IAAAAJ	DSiNzkIAAAAJ	2
AQG8WlcAAAAJ	g4DdvyEAAAAJ	9
upREfesAAAAJ	-CVR2h8AAAAJ	1
5Tw9egMAAAAJ	x3c1R2gAAAAJ	3
PfgeYGwAAAAJ	QgDpfCQAAAAJ	2
54w2_AcAAAAJ	JQsX7rAAAAAJ	3
BECu7wYAAAAJ	eYVXgAoAAAAJ	2
pWQGJWEAAAAJ	YbSq5T0AAAAJ	6
4xHzvxkAAAAJ	DZ3S--MAAAAJ	1
09JS7eAAAAAJ	ymDJ6oIAAAAJ	3
rynvwScAAAAJ	33CH6WUAAAAJ	1
DYZsiAIAAAAJ	vME86a4AAAAJ	13
HQeEzR0AAAAJ	Cgx9W6UAAAAJ	1
YOVZiJkAAAAJ	-DVbMb4AAAAJ	1
XqI4gAYAAAAJ	y3_tUqsAAAAJ	5
qC7oNRUAAAAJ	e3_l6fwAAAAJ	18
HlxqS1MAAAAJ	ctlAGI0AAAAJ	2
mIZu9oQAAAAJ	jTzDAsIAAAAJ	1
6_oL_9IAAAAJ	DSiNzkIAAAAJ	1
KQm_HnIAAAAJ	yvvjnhIAAAAJ	1
_5tjpG0AAAAJ	6k7bp8IAAAAJ	1
yvvjnhIAAAAJ	83an8lYAAAAJ	39
tCq7Wx0AAAAJ	fAw_t5EAAAAJ	2
7jKj_NcAAAAJ	dgobB6AAAAAJ	1
5ZpsRswAAAAJ	W_6Skd4AAAAJ	14
aLOSzWwAAAAJ	yxUduqMAAAAJ	1
XqI4gAYAAAAJ	c7reUlAAAAAJ	31
rynvwScAAAAJ	d6vuvHIAAAAJ	3
8iQk0DIAAAAJ	yxUduqMAAAAJ	5
IZPamgMAAAAJ	d6vU434AAAAJ	1
Viv2E9AAAAAJ	HgaNy9kAAAAJ	22
OcNPtuUAAAAJ	YhFEmpMAAAAJ	1
CYwffSUAAAAJ	oN85b_gAAAAJ	1
jTzDAsIAAAAJ	e3_l6fwAAAAJ	1
10iNskYAAAAJ	lf9ZK78AAAAJ	1
XLU7AuYAAAAJ	yC-70wMAAAAJ	1
NByrsK0AAAAJ	6k7bp8IAAAAJ	1
LTL9MjwAAAAJ	KgZxzjsAAAAJ	30
HdLFmroAAAAJ	2YZITOgAAAAJ	4
MrVb9FkAAAAJ	FtbGhBQAAAAJ	1
SqMUez0AAAAJ	GUAoEcAAAAAJ	18
CWj6pVcAAAAJ	-6maX04AAAAJ	1
6_oL_9IAAAAJ	vJ1MBM4AAAAJ	2
RJCmtBcAAAAJ	d6CtlCkAAAAJ	1
qoFYHTMAAAAJ	toODfV4AAAAJ	1
HhKyc4EAAAAJ	rE1Y8DoAAAAJ	1
NByrsK0AAAAJ	uBbYp8gAAAAJ	1
gWBoNCsAAAAJ	NafmldkAAAAJ	34
ZqTie5sAAAAJ	6nuM6rcAAAAJ	4
zZO9qG4AAAAJ	cPmMoXoAAAAJ	8
Cgx9W6UAAAAJ	bOKmjf8AAAAJ	1
tCq7Wx0AAAAJ	tyYtUNIAAAAJ	3
tCq7Wx0AAAAJ	JQsX7rAAAAAJ	2
n-Oret4AAAAJ	n6wC7nwAAAAJ	1
UeG5w08AAAAJ	tdfS7TwAAAAJ	1
rynvwScAAAAJ	FtbGhBQAAAAJ	1
YCZYhF8AAAAJ	VdzVqCwAAAAJ	1
aTpJ0fcAAAAJ	uVBjUtAAAAAJ	1
cA28Zs0AAAAJ	pHox8i0AAAAJ	34
XqI4gAYAAAAJ	HM7WbsgAAAAJ	21
8GA4R2wAAAAJ	HgaNy9kAAAAJ	1
cilyP7wAAAAJ	jXTZEw4AAAAJ	1
amDW89cAAAAJ	emsMY_sAAAAJ	4
vm1u2DEAAAAJ	H5hyYbUAAAAJ	12
yepPD_cAAAAJ	C2lVQO8AAAAJ	1
_X-PrRkAAAAJ	e49cxvUAAAAJ	8
DSiNzkIAAAAJ	yxUduqMAAAAJ	1
gWBoNCsAAAAJ	V0XEUMAAAAAJ	1
HdLFmroAAAAJ	3RV_GAwAAAAJ	6
T1P0XnIAAAAJ	hc1m_BQAAAAJ	2
0v5utcwAAAAJ	JepH3ckAAAAJ	1
VIwGymEAAAAJ	4bHLr_IAAAAJ	1
0RPdShUAAAAJ	VDhnOHEAAAAJ	3
2nmHOtoAAAAJ	bh-uRFMAAAAJ	1
0pp-L_IAAAAJ	WV7XovQAAAAJ	3
DYZsiAIAAAAJ	SBVuIBwAAAAJ	2
xjvr4yEAAAAJ	6k7bp8IAAAAJ	6
J12C3nYAAAAJ	dgobB6AAAAAJ	1
HhKyc4EAAAAJ	CPqBDqUAAAAJ	5
ptI-HHkAAAAJ	YOVZiJkAAAAJ	16
TWXJxcAAAAAJ	SB3_eb0AAAAJ	48
rLSUeLsAAAAJ	HUxQ1TAAAAAJ	35
54w2_AcAAAAJ	Cgx9W6UAAAAJ	1
z17wdcsAAAAJ	m4gr7P8AAAAJ	43
xxIrRjcAAAAJ	_QU1opsAAAAJ	6
3ro8yF4AAAAJ	WV7XovQAAAAJ	2
DPZuUtIAAAAJ	q7HqHocAAAAJ	10
C4m8TSUAAAAJ	Q_4d9N0AAAAJ	1
SRUYLREAAAAJ	sr1HGtUAAAAJ	15
5Tw9egMAAAAJ	ftAplLUAAAAJ	1
VIwGymEAAAAJ	M9RDPB0AAAAJ	1
Qf4bw4UAAAAJ	DSiNzkIAAAAJ	1
kJ_03NMAAAAJ	CYwffSUAAAAJ	1
55pOyCkAAAAJ	3HjjRz8AAAAJ	6
t4rXchwAAAAJ	HRSDO6IAAAAJ	1
NByrsK0AAAAJ	_5tjpG0AAAAJ	1
3oPjTK4AAAAJ	n7HDm44AAAAJ	9
L05BN0sAAAAJ	dewEBisAAAAJ	2
4VJre9IAAAAJ	uBbYp8gAAAAJ	4
yepPD_cAAAAJ	FKbHXRUAAAAJ	1
x_7xA0UAAAAJ	Y_Ieu7EAAAAJ	2
KgZxzjsAAAAJ	QY-earAAAAAJ	1
-cuxoSQAAAAJ	loPUpHQAAAAJ	108
MYqlcPgAAAAJ	n-Oret4AAAAJ	1
VVpfyhsAAAAJ	6foKsAIAAAAJ	1
g9yhtN8AAAAJ	hc1m_BQAAAAJ	1
Cgx9W6UAAAAJ	x8UnxSoAAAAJ	1
6_oL_9IAAAAJ	iNANm-sAAAAJ	2
09JS7eAAAAAJ	ln3BGqgAAAAJ	3
VMFWEMcAAAAJ	uBbYp8gAAAAJ	4
0zZnyMEAAAAJ	oizZKrsAAAAJ	4
T1lNNLkAAAAJ	w_lm_toAAAAJ	3
IZPamgMAAAAJ	L8yAc8sAAAAJ	1
pHox8i0AAAAJ	30pCSfEAAAAJ	1
NafmldkAAAAJ	XTakCM0AAAAJ	4
Z0uxspMAAAAJ	CWj6pVcAAAAJ	1
U9oBOmMAAAAJ	ptI-HHkAAAAJ	8
5HX--AYAAAAJ	FTYtHb4AAAAJ	1
GlBl-VUAAAAJ	SHVhdhoAAAAJ	1
ujIV4gUAAAAJ	toODfV4AAAAJ	3
bYlFzsYAAAAJ	cPmMoXoAAAAJ	1
FWjqglcAAAAJ	z8NwFvcAAAAJ	8
nKVDcQoAAAAJ	97MiT_0AAAAJ	1
ClBxwZkAAAAJ	zTedPdwAAAAJ	3
e1ucbCYAAAAJ	bpSF_9EAAAAJ	3
0v5utcwAAAAJ	qq-SXN8AAAAJ	1
qXb4xQMAAAAJ	LM_QwbUAAAAJ	6
wSPgTVwAAAAJ	0YxIvbEAAAAJ	1
3-y3qmkAAAAJ	6ZHvHDEAAAAJ	1
Gu-FyNMAAAAJ	cmedVkoAAAAJ	1
w4_W1PkAAAAJ	amDW89cAAAAJ	1
ASf9Q04AAAAJ	vEbcIKYAAAAJ	22
GN3C9q4AAAAJ	5P3knO0AAAAJ	1
E1jnOcUAAAAJ	yvvjnhIAAAAJ	1
2nmHOtoAAAAJ	jXTZEw4AAAAJ	1
PLKoRXsAAAAJ	pWQGJWEAAAAJ	101
MO3BwFMAAAAJ	YnYx_TgAAAAJ	1
DLVFrFAAAAAJ	tcg-f_sAAAAJ	6
IHUOFK4AAAAJ	SSb4uV4AAAAJ	2
Kv9AbjMAAAAJ	FtbGhBQAAAAJ	3
L9dwKyUAAAAJ	83an8lYAAAAJ	1
cilyP7wAAAAJ	0zZnyMEAAAAJ	1
VGoSakQAAAAJ	2X6fAZgAAAAJ	1
NByrsK0AAAAJ	88L1-JYAAAAJ	1
YAgmYI8AAAAJ	Ui8pnoIAAAAJ	8
qC7oNRUAAAAJ	FlZ-5sMAAAAJ	12
10iNskYAAAAJ	HGTDp1UAAAAJ	13
qoFYHTMAAAAJ	cPmMoXoAAAAJ	1
p_QR9RUAAAAJ	2Qlrv_cAAAAJ	11
_QU1opsAAAAJ	G7pJdK4AAAAJ	1
pkjoANMAAAAJ	n6wC7nwAAAAJ	14
rnR3JrYAAAAJ	07ds-DAAAAAJ	1
YOVZiJkAAAAJ	q92q8SMAAAAJ	1
Z03FLwkAAAAJ	FtbGhBQAAAAJ	1
yepPD_cAAAAJ	z8NwFvcAAAAJ	1
qoFYHTMAAAAJ	0pp-L_IAAAAJ	1
nM77MX0AAAAJ	vJ1MBM4AAAAJ	1
LTL9MjwAAAAJ	2E448xEAAAAJ	11
MrVb9FkAAAAJ	pHox8i0AAAAJ	1
tLrQhzIAAAAJ	HUxQ1TAAAAAJ	1
bWTPrLEAAAAJ	rcGnOdYAAAAJ	1
Pwd7hJYAAAAJ	IR0yJB8AAAAJ	2
lnC1vbAAAAAJ	XeYCNAwAAAAJ	1
o_a5zckAAAAJ	vm1u2DEAAAAJ	1
NHZdlVkAAAAJ	rnBRPpQAAAAJ	1
rnR3JrYAAAAJ	Cgx9W6UAAAAJ	3
cA28Zs0AAAAJ	kI5JKs8AAAAJ	2
gz-6ugcAAAAJ	gwB_pJcAAAAJ	1
ZqTie5sAAAAJ	IksW07MAAAAJ	17
I1RqBRoAAAAJ	97MiT_0AAAAJ	1
SDY9FwUAAAAJ	x8UnxSoAAAAJ	2
runT3RsAAAAJ	QRyCQq4AAAAJ	5
jFK9W3UAAAAJ	toODfV4AAAAJ	3
FtbGhBQAAAAJ	GUAoEcAAAAAJ	3
uwzBnJwAAAAJ	G7D5O-0AAAAJ	7
1o_wrqsAAAAJ	Ay_j7dUAAAAJ	3
QgDpfCQAAAAJ	XM97iScAAAAJ	1
yOJ8F4gAAAAJ	G5Zm8aAAAAAJ	5
_TxappgAAAAJ	YbSq5T0AAAAJ	32
WZ-h67UAAAAJ	WV7XovQAAAAJ	4
fAxws1sAAAAJ	qXb4xQMAAAAJ	1
WxJIpkcAAAAJ	WwadVmIAAAAJ	8
2Qlrv_cAAAAJ	Ui8pnoIAAAAJ	1
HaNGX5gAAAAJ	JQsX7rAAAAAJ	2
HRSDO6IAAAAJ	SnvLcLEAAAAJ	6
toODfV4AAAAJ	ZwBxbEUAAAAJ	5
bNkvbPMAAAAJ	CcSZwTsAAAAJ	8
0gkajvEAAAAJ	uVBjUtAAAAAJ	1
Qth4UmoAAAAJ	ln3BGqgAAAAJ	1
SSb4uV4AAAAJ	loPUpHQAAAAJ	3
YBQai3gAAAAJ	HdLFmroAAAAJ	1
IR0yJB8AAAAJ	3-y3qmkAAAAJ	9
FDu4ciwAAAAJ	x_7xA0UAAAAJ	3
6yoY1d8AAAAJ	ocXMyBcAAAAJ	13
-809YacAAAAJ	loPUpHQAAAAJ	3
cA28Zs0AAAAJ	M6urChQAAAAJ	5
1o_wrqsAAAAJ	BECu7wYAAAAJ	2
ziDobv4AAAAJ	jIOynFgAAAAJ	2
0v5utcwAAAAJ	YLOz1kgAAAAJ	1
tCq7Wx0AAAAJ	6k7bp8IAAAAJ	1
LWAFHkEAAAAJ	HGTDp1UAAAAJ	62
dMVI-XIAAAAJ	UuSk_zkAAAAJ	1
gWBoNCsAAAAJ	5c38WVcAAAAJ	1
mtB5szIAAAAJ	2nmHOtoAAAAJ	1
MYqlcPgAAAAJ	n6wC7nwAAAAJ	2
yvvjnhIAAAAJ	hVZiQDQAAAAJ	1
mZxsTCcAAAAJ	DSiNzkIAAAAJ	1
W362rUwAAAAJ	Rt1a5-6vh4UC	1
bWTPrLEAAAAJ	J12C3nYAAAAJ	1
8GA4R2wAAAAJ	J12C3nYAAAAJ	1
jKrIVCIAAAAJ	Juoqtj8AAAAJ	1
L05BN0sAAAAJ	j9EXF1AAAAAJ	2
YtFi-KkAAAAJ	9TpPcjoAAAAJ	1
G8GezxgAAAAJ	4PzSxEMAAAAJ	10
SSNUvb8AAAAJ	JwQWFLkAAAAJ	2
fAxws1sAAAAJ	LDb4tb0AAAAJ	4
lf9ZK78AAAAJ	WZ0030cAAAAJ	38
97MiT_0AAAAJ	xITAf6EAAAAJ	1
cA28Zs0AAAAJ	hmq4rGIAAAAJ	1
gfpmAkQAAAAJ	GN3C9q4AAAAJ	1
C4m8TSUAAAAJ	xITAf6EAAAAJ	1
HaNGX5gAAAAJ	bOKmjf8AAAAJ	1
C2lVQO8AAAAJ	0RPdShUAAAAJ	4
rynvwScAAAAJ	fAw_t5EAAAAJ	1
WrnEVwQAAAAJ	HleefHQAAAAJ	1
yvvjnhIAAAAJ	tCq7Wx0AAAAJ	11
6k7bp8IAAAAJ	5c38WVcAAAAJ	4
cA28Zs0AAAAJ	W362rUwAAAAJ	2
n6wC7nwAAAAJ	07ds-DAAAAAJ	1
CUkAtC4AAAAJ	0gkajvEAAAAJ	4
_HYCqwkAAAAJ	9TpPcjoAAAAJ	1
aLOSzWwAAAAJ	n-Oret4AAAAJ	1
Qf4bw4UAAAAJ	07ds-DAAAAAJ	7
Cgx9W6UAAAAJ	07ds-DAAAAAJ	2
OQ4t3U4AAAAJ	eYVXgAoAAAAJ	1
XgifkSsAAAAJ	-0LFOnYAAAAJ	2
l9UHHYgAAAAJ	0-tewh8AAAAJ	33
4agt6FcAAAAJ	vm1u2DEAAAAJ	1
Qf4bw4UAAAAJ	JSFmVQEAAAAJ	1
F6tblNcAAAAJ	zTedPdwAAAAJ	3
5P3knO0AAAAJ	rcGnOdYAAAAJ	1
_VsL6mAAAAAJ	6k7bp8IAAAAJ	1
upREfesAAAAJ	P5eWdgsAAAAJ	50
QY-earAAAAAJ	nKVDcQoAAAAJ	1
JydvPF8AAAAJ	gwB_pJcAAAAJ	1
ojH7GEgAAAAJ	yvvjnhIAAAAJ	1
bOKmjf8AAAAJ	3DtMaPEAAAAJ	1
fAxws1sAAAAJ	WH2KmRgAAAAJ	1
Qp5971IAAAAJ	HRSDO6IAAAAJ	2
KgZxzjsAAAAJ	J12C3nYAAAAJ	1
C4m8TSUAAAAJ	KgZxzjsAAAAJ	1
ftAplLUAAAAJ	yxUduqMAAAAJ	1
0nOfuMgAAAAJ	BDZ2z6YAAAAJ	1
aLOSzWwAAAAJ	DZ3S--MAAAAJ	3
WZ-h67UAAAAJ	M3he9Y8AAAAJ	1
upREfesAAAAJ	MC6suuAAAAAJ	6
KgZxzjsAAAAJ	Q_4d9N0AAAAJ	1
3bSbb20AAAAJ	yxUduqMAAAAJ	1
fAxws1sAAAAJ	_5tjpG0AAAAJ	1
yvvjnhIAAAAJ	jTzDAsIAAAAJ	2
2OJOZTUAAAAJ	FtbGhBQAAAAJ	1
2nmHOtoAAAAJ	vJ1MBM4AAAAJ	1
HgaNy9kAAAAJ	OQ4t3U4AAAAJ	1
WKzKz9gAAAAJ	Viv2E9AAAAAJ	9
yepPD_cAAAAJ	H4TdGyYAAAAJ	4
HhKyc4EAAAAJ	4VJre9IAAAAJ	4
CZFDkfEAAAAJ	-WVPmUkAAAAJ	1
MrVb9FkAAAAJ	HgaNy9kAAAAJ	1
WRlzk3UAAAAJ	0o1C8ykAAAAJ	1
H8IzdhcAAAAJ	SHVhdhoAAAAJ	1
CPqBDqUAAAAJ	DZ3S--MAAAAJ	1
VVpfyhsAAAAJ	07ds-DAAAAAJ	1
tyYtUNIAAAAJ	amDW89cAAAAJ	4
4agt6FcAAAAJ	P5eWdgsAAAAJ	1
UnDfo6sAAAAJ	ZOh4TtIAAAAJ	20
MCClSvsAAAAJ	cPmMoXoAAAAJ	1
KBRHCEEAAAAJ	4xHzvxkAAAAJ	1
Cgx9W6UAAAAJ	JQsX7rAAAAAJ	2
tiFit0cAAAAJ	OQ4t3U4AAAAJ	14
Qf4bw4UAAAAJ	FtbGhBQAAAAJ	3
n-Oret4AAAAJ	UcpEexUAAAAJ	1
54w2_AcAAAAJ	_tCANFgAAAAJ	7
cPmMoXoAAAAJ	db9WLdcAAAAJ	1
upREfesAAAAJ	3oPjTK4AAAAJ	18
rynvwScAAAAJ	Q_4d9N0AAAAJ	2
HhKyc4EAAAAJ	iJakSYUAAAAJ	1
VVpfyhsAAAAJ	azcMaLoAAAAJ	1
HaNGX5gAAAAJ	Cgx9W6UAAAAJ	1
XgifkSsAAAAJ	UruIct4AAAAJ	18
qC7oNRUAAAAJ	E1jnOcUAAAAJ	8
ghPIMpgAAAAJ	DLVFrFAAAAAJ	5
rnR3JrYAAAAJ	8GA4R2wAAAAJ	2
5K8RGu8AAAAJ	yexUDMQAAAAJ	1
CUkAtC4AAAAJ	Zc6X700AAAAJ	2
pWQGJWEAAAAJ	UcbMN8QAAAAJ	6
wNIKmGoAAAAJ	CcSZwTsAAAAJ	1
8iQk0DIAAAAJ	bWTPrLEAAAAJ	1
2F-jTfEAAAAJ	MrVb9FkAAAAJ	1
8a2Z1loAAAAJ	dgobB6AAAAAJ	1
c7reUlAAAAAJ	nfeNsaoAAAAJ	38
H4TdGyYAAAAJ	VDhnOHEAAAAJ	1
9xDADY4AAAAJ	1c5IZ0QAAAAJ	4
mtB5szIAAAAJ	SjjIQ24AAAAJ	1
6k7bp8IAAAAJ	4xHzvxkAAAAJ	1
PMjIXFIAAAAJ	xjvr4yEAAAAJ	5
CUkAtC4AAAAJ	6nuM6rcAAAAJ	3
qi7fvXoAAAAJ	DhckaXkAAAAJ	1
im5aMngAAAAJ	q_n7d6EAAAAJ	1
cA28Zs0AAAAJ	qrVndScAAAAJ	1
YtFi-KkAAAAJ	BDZ2z6YAAAAJ	1
Q_4d9N0AAAAJ	XM97iScAAAAJ	4
tpoh43QAAAAJ	BAdQpFkAAAAJ	3
LWAFHkEAAAAJ	tLrQhzIAAAAJ	4
yvvjnhIAAAAJ	ptI-HHkAAAAJ	1
ZtQVZawAAAAJ	x_7xA0UAAAAJ	1
CUkAtC4AAAAJ	qq-SXN8AAAAJ	6
cuRERDcAAAAJ	ZnvGMSIAAAAJ	1
tpoh43QAAAAJ	YOVZiJkAAAAJ	4
GlBl-VUAAAAJ	N_Z79YgAAAAJ	1
MMuP6cMAAAAJ	07ds-DAAAAAJ	1
g9yhtN8AAAAJ	c8LH7zUAAAAJ	13
kI5JKs8AAAAJ	uBbYp8gAAAAJ	8
T1P0XnIAAAAJ	GBGCjpQAAAAJ	27
j7uL6VEAAAAJ	LDb4tb0AAAAJ	1
bNkvbPMAAAAJ	xPoCswkAAAAJ	14
_D5W9yUAAAAJ	DLVFrFAAAAAJ	5
bWOQjSIAAAAJ	eEdKpQgAAAAJ	7
mDoQWSwAAAAJ	3qYUSDwAAAAJ	5
W362rUwAAAAJ	0o1C8ykAAAAJ	1
qC7oNRUAAAAJ	J12C3nYAAAAJ	11
M3he9Y8AAAAJ	j9EXF1AAAAAJ	15
NafmldkAAAAJ	0o1C8ykAAAAJ	2
Pwd7hJYAAAAJ	FTYtHb4AAAAJ	17
-DVbMb4AAAAJ	q_n7d6EAAAAJ	1
iJakSYUAAAAJ	JQsX7rAAAAAJ	3
8a2Z1loAAAAJ	nKVDcQoAAAAJ	1
54w2_AcAAAAJ	UYZGdYwAAAAJ	8
ojH7GEgAAAAJ	G7D5O-0AAAAJ	4
NafmldkAAAAJ	Rt1a5-6vh4UC	1
ZVMcyxYAAAAJ	tpoh43QAAAAJ	1
s4yZTp4AAAAJ	Rt1a5-6vh4UC	1
WRlzk3UAAAAJ	V0XEUMAAAAAJ	1
30pCSfEAAAAJ	ZRrTqs8AAAAJ	16
rr944LsAAAAJ	p0tQZiAAAAAJ	15
rnBRPpQAAAAJ	6qfyAZQAAAAJ	1
8iQk0DIAAAAJ	q92q8SMAAAAJ	20
xEFh0AgAAAAJ	JsK4KpMAAAAJ	9
_U9bzEAAAAAJ	bHm5I5sAAAAJ	9
s4oOVCsAAAAJ	fAw_t5EAAAAJ	5
ZnvGMSIAAAAJ	g4DdvyEAAAAJ	1
YCZYhF8AAAAJ	g_c8sA0AAAAJ	9
cGCalUQAAAAJ	36SCzI0AAAAJ	15
Qf4bw4UAAAAJ	yxUduqMAAAAJ	1
cPmMoXoAAAAJ	vJ1MBM4AAAAJ	2
3qYUSDwAAAAJ	6yoY1d8AAAAJ	16
jTzDAsIAAAAJ	pHox8i0AAAAJ	2
Viv2E9AAAAAJ	MCClSvsAAAAJ	1
l9UHHYgAAAAJ	HUxQ1TAAAAAJ	6
jXTZEw4AAAAJ	wNIKmGoAAAAJ	1
ZflJqeUAAAAJ	emsMY_sAAAAJ	1
bsotxTgAAAAJ	N_Z79YgAAAAJ	1
PLKoRXsAAAAJ	M6QwrLAAAAAJ	13
4tcxRqMAAAAJ	DLVFrFAAAAAJ	8
Qf4bw4UAAAAJ	bh-uRFMAAAAJ	3
Qf4bw4UAAAAJ	Cgx9W6UAAAAJ	3
3L2Ih0wAAAAJ	JsK4KpMAAAAJ	2
VdzVqCwAAAAJ	qVKYugIAAAAJ	1
6k7bp8IAAAAJ	pT7rjkQAAAAJ	5
x0ViSaoAAAAJ	HUxQ1TAAAAAJ	4
jDKM_4AAAAAJ	J12C3nYAAAAJ	1
chP1Vc0AAAAJ	nKVDcQoAAAAJ	17
snf71h4AAAAJ	vJ1MBM4AAAAJ	4
q4FqPgYAAAAJ	4PzSxEMAAAAJ	10
HRSDO6IAAAAJ	Q5KT-hEAAAAJ	1
jTzDAsIAAAAJ	qPlUgrgAAAAJ	1
oRlrVsAAAAAJ	d6vU434AAAAJ	1
UhQJOB4AAAAJ	3qYUSDwAAAAJ	2
CYwffSUAAAAJ	e3_l6fwAAAAJ	4
tCq7Wx0AAAAJ	qPlUgrgAAAAJ	8
pkjoANMAAAAJ	Cgx9W6UAAAAJ	2
MCClSvsAAAAJ	HgaNy9kAAAAJ	1
kJ_03NMAAAAJ	3Zg-7o4AAAAJ	1
oe-jFWAAAAAJ	MeSHpCsAAAAJ	1
wY-Wy6IAAAAJ	E0nK44AAAAAJ	5
rynvwScAAAAJ	qi7fvXoAAAAJ	23
0nOfuMgAAAAJ	4bHLr_IAAAAJ	3
WRlzk3UAAAAJ	T1P0XnIAAAAJ	1
WHZiLTIAAAAJ	BAdQpFkAAAAJ	12
nfeNsaoAAAAJ	4PzSxEMAAAAJ	28
C4m8TSUAAAAJ	8Qu_gAMAAAAJ	1
gyL3CZ0AAAAJ	nKVDcQoAAAAJ	1
kI5JKs8AAAAJ	88L1-JYAAAAJ	14
bWOQjSIAAAAJ	I2PP9XoAAAAJ	13
Icl5BnYAAAAJ	tcg-f_sAAAAJ	3
BAdQpFkAAAAJ	2YZITOgAAAAJ	18
v5q00U8AAAAJ	ggKzpqIAAAAJ	4
snf71h4AAAAJ	fzSHXS8AAAAJ	1
cPmMoXoAAAAJ	FDu4ciwAAAAJ	1
ftAplLUAAAAJ	cmedVkoAAAAJ	8
Z0uxspMAAAAJ	7Rh9iP0AAAAJ	14
oRlrVsAAAAAJ	iSq5G8cAAAAJ	3
yvvjnhIAAAAJ	30pCSfEAAAAJ	3
JSFmVQEAAAAJ	vJ1MBM4AAAAJ	1
w_lm_toAAAAJ	qq-SXN8AAAAJ	1
upREfesAAAAJ	BECu7wYAAAAJ	3
0nOfuMgAAAAJ	EEGf5OAAAAAJ	1
CUkAtC4AAAAJ	QY-earAAAAAJ	9
UnDfo6sAAAAJ	9ADkQMAAAAAJ	1
rE1Y8DoAAAAJ	ZRrTqs8AAAAJ	1
oSFVC3MAAAAJ	ZmiirIwAAAAJ	31
30pCSfEAAAAJ	6qfyAZQAAAAJ	1
GN3C9q4AAAAJ	rcGnOdYAAAAJ	1
MO3BwFMAAAAJ	UcbMN8QAAAAJ	1
qXb4xQMAAAAJ	FtbGhBQAAAAJ	1
dHXCX-sAAAAJ	tHNANpEAAAAJ	3
runT3RsAAAAJ	9s9o-JcAAAAJ	2
p_QR9RUAAAAJ	LWAFHkEAAAAJ	75
HgaNy9kAAAAJ	_4i-G3YAAAAJ	1
_5tjpG0AAAAJ	36SCzI0AAAAJ	1
jsxk8vsAAAAJ	XfYRqF4AAAAJ	4
tLrQhzIAAAAJ	4PzSxEMAAAAJ	5
-goooIUAAAAJ	SRUYLREAAAAJ	2
-6maX04AAAAJ	M9RDPB0AAAAJ	9
mlw_NjoAAAAJ	qk0hejcAAAAJ	12
54w2_AcAAAAJ	Da-s1FQAAAAJ	2
SRUYLREAAAAJ	bnmsbZkAAAAJ	1
mioppqwAAAAJ	iBgmo3sAAAAJ	1
C4m8TSUAAAAJ	IHUOFK4AAAAJ	1
wY-Wy6IAAAAJ	2Zeqd3QAAAAJ	1
0YxIvbEAAAAJ	YJVAXCwAAAAJ	1
YOVZiJkAAAAJ	im5aMngAAAAJ	1
jFK9W3UAAAAJ	Ui8pnoIAAAAJ	18
10iNskYAAAAJ	4PzSxEMAAAAJ	4
VjETp_wAAAAJ	iSq5G8cAAAAJ	2
9s9o-JcAAAAJ	cPmMoXoAAAAJ	1
NHZdlVkAAAAJ	8GA4R2wAAAAJ	9
0v5utcwAAAAJ	1c5IZ0QAAAAJ	2
Q29WmWwAAAAJ	yepPD_cAAAAJ	12
tyYtUNIAAAAJ	1o_wrqsAAAAJ	3
bWOQjSIAAAAJ	oSFVC3MAAAAJ	6
54w2_AcAAAAJ	HaNGX5gAAAAJ	8
pWQGJWEAAAAJ	_TxappgAAAAJ	1
UK-VpDoAAAAJ	DWKoeW0AAAAJ	1
-goooIUAAAAJ	WwadVmIAAAAJ	8
M6urChQAAAAJ	33CH6WUAAAAJ	7
t4rXchwAAAAJ	tpoh43QAAAAJ	21
XqI4gAYAAAAJ	4PzSxEMAAAAJ	15
5Tw9egMAAAAJ	4g7P1w4AAAAJ	2
p_QR9RUAAAAJ	c7reUlAAAAAJ	71
im5aMngAAAAJ	yxUduqMAAAAJ	1
Kf97-EkAAAAJ	KgZxzjsAAAAJ	1
yvvjnhIAAAAJ	W362rUwAAAAJ	1
t4rXchwAAAAJ	q_n7d6EAAAAJ	1
oRlrVsAAAAAJ	NSCF6GUAAAAJ	21
C4m8TSUAAAAJ	QY-earAAAAAJ	1
DLVFrFAAAAAJ	ZflJqeUAAAAJ	29
oizZKrsAAAAJ	bh-uRFMAAAAJ	5
GbLB9aAAAAAJ	eYVXgAoAAAAJ	11
8Kk2MugAAAAJ	lgkJg6EAAAAJ	3
54w2_AcAAAAJ	hM8uAwoAAAAJ	1
3ekS0ucAAAAJ	3qYUSDwAAAAJ	5
WRlzk3UAAAAJ	Rt1a5-6vh4UC	1
MCClSvsAAAAJ	Qhe5ua0AAAAJ	1
VVpfyhsAAAAJ	JQsX7rAAAAAJ	1
8Qu_gAMAAAAJ	qPlUgrgAAAAJ	1
yxUduqMAAAAJ	07ds-DAAAAAJ	1
KBRHCEEAAAAJ	DWKoeW0AAAAJ	5
XqI4gAYAAAAJ	tLrQhzIAAAAJ	2
j1uE6L0AAAAJ	WZ0030cAAAAJ	1
2Qlrv_cAAAAJ	qPlUgrgAAAAJ	1
iBbfPfUAAAAJ	wSPgTVwAAAAJ	4
-809YacAAAAJ	IHUOFK4AAAAJ	2
WZ-h67UAAAAJ	cuRERDcAAAAJ	2
2VMMsmsAAAAJ	y3zG4z8AAAAJ	2
iNANm-sAAAAJ	Qhe5ua0AAAAJ	2
8a2Z1loAAAAJ	qPlUgrgAAAAJ	1
PMjIXFIAAAAJ	6k7bp8IAAAAJ	24
gWBoNCsAAAAJ	rcGnOdYAAAAJ	1
No-GJRQAAAAJ	WwadVmIAAAAJ	28
WwadVmIAAAAJ	BzzEEc0AAAAJ	5
iJakSYUAAAAJ	qPlUgrgAAAAJ	1
2OJOZTUAAAAJ	HRSDO6IAAAAJ	5
WL8igVEAAAAJ	NByrsK0AAAAJ	33
T1P0XnIAAAAJ	JQsX7rAAAAAJ	1
qC7oNRUAAAAJ	33CH6WUAAAAJ	46
HRSDO6IAAAAJ	QgDpfCQAAAAJ	3
2X6fAZgAAAAJ	MMuP6cMAAAAJ	2
gwB_pJcAAAAJ	ckHkkjgAAAAJ	1
BDZ2z6YAAAAJ	ZflJqeUAAAAJ	1
1qqf7D0AAAAJ	UuSk_zkAAAAJ	3
ojH7GEgAAAAJ	qPlUgrgAAAAJ	36
cA28Zs0AAAAJ	RJCmtBcAAAAJ	1
KQm_HnIAAAAJ	rnBRPpQAAAAJ	3
3oPjTK4AAAAJ	MC6suuAAAAAJ	3
VdzVqCwAAAAJ	mvdw03oAAAAJ	2
Viv2E9AAAAAJ	iNANm-sAAAAJ	3
cA28Zs0AAAAJ	CPqBDqUAAAAJ	1
NByrsK0AAAAJ	G7D5O-0AAAAJ	2
MrVb9FkAAAAJ	-DVbMb4AAAAJ	1
0zZnyMEAAAAJ	9xDADY4AAAAJ	1
GbLB9aAAAAAJ	WwadVmIAAAAJ	2
5wppdUoAAAAJ	uVBjUtAAAAAJ	1
cPmMoXoAAAAJ	DSiNzkIAAAAJ	3
VdzVqCwAAAAJ	3kp_a7EAAAAJ	7
U5nGHIIAAAAJ	gwB_pJcAAAAJ	1
Z03FLwkAAAAJ	V1Qym88AAAAJ	1
p_QR9RUAAAAJ	jR3NLMsAAAAJ	11
WxJIpkcAAAAJ	kSuuj6UAAAAJ	1
cWPJoXkAAAAJ	iBgmo3sAAAAJ	4
xjvr4yEAAAAJ	lELCubQAAAAJ	7
_QU1opsAAAAJ	8wVcLRsAAAAJ	1
vzxeLyIAAAAJ	VdzVqCwAAAAJ	1
ptI-HHkAAAAJ	3-y3qmkAAAAJ	1
1o_wrqsAAAAJ	OQ4t3U4AAAAJ	1
9s9o-JcAAAAJ	p7XFn7MAAAAJ	3
ptI-HHkAAAAJ	q92q8SMAAAAJ	7
8Kk2MugAAAAJ	n7HDm44AAAAJ	8
f2x233wAAAAJ	HgaNy9kAAAAJ	2
CWj6pVcAAAAJ	1o_wrqsAAAAJ	1
0pp-L_IAAAAJ	CcSZwTsAAAAJ	1
6GB1kv8AAAAJ	p_QR9RUAAAAJ	9
yvvjnhIAAAAJ	MMuP6cMAAAAJ	2
YnYx_TgAAAAJ	h9Tji70AAAAJ	1
30pCSfEAAAAJ	W362rUwAAAAJ	1
sPbWHscAAAAJ	HRSDO6IAAAAJ	1
-cuxoSQAAAAJ	--VLCRoAAAAJ	11
p7XFn7MAAAAJ	azcMaLoAAAAJ	23
4VJre9IAAAAJ	KgZxzjsAAAAJ	1
g9yhtN8AAAAJ	XeYCNAwAAAAJ	45
s4yZTp4AAAAJ	BAdQpFkAAAAJ	1
jsxk8vsAAAAJ	xPoCswkAAAAJ	3
OcNPtuUAAAAJ	-iqhJgQAAAAJ	3
2E448xEAAAAJ	Qhe5ua0AAAAJ	1
O-QzGusAAAAJ	UcpEexUAAAAJ	7
1qqf7D0AAAAJ	hs5358sAAAAJ	1
XLU7AuYAAAAJ	9ADkQMAAAAAJ	1
gyL3CZ0AAAAJ	hgZgvkUAAAAJ	2
Gk5QsRoAAAAJ	DrUwvK0AAAAJ	1
fAxws1sAAAAJ	NHZdlVkAAAAJ	1
j7uL6VEAAAAJ	oizZKrsAAAAJ	2
54w2_AcAAAAJ	x8UnxSoAAAAJ	2
8_Yj_RwAAAAJ	_X-PrRkAAAAJ	2
cA28Zs0AAAAJ	6qfyAZQAAAAJ	1
_5tjpG0AAAAJ	XM97iScAAAAJ	1
toODfV4AAAAJ	DPZuUtIAAAAJ	14
Icl5BnYAAAAJ	nngRAEYAAAAJ	8
DLVFrFAAAAAJ	H5hyYbUAAAAJ	8
bOKmjf8AAAAJ	07ds-DAAAAAJ	8
iBgmo3sAAAAJ	GRoULwcAAAAJ	3
aTpJ0fcAAAAJ	pxp6lUEAAAAJ	1
54w2_AcAAAAJ	IIhYQ7oAAAAJ	10
JsK4KpMAAAAJ	3xlmctcAAAAJ	3
mlw_NjoAAAAJ	xITAf6EAAAAJ	33
VdzVqCwAAAAJ	HlxqS1MAAAAJ	4
gyL3CZ0AAAAJ	36SCzI0AAAAJ	1
ZmiirIwAAAAJ	yC-70wMAAAAJ	1
7jKj_NcAAAAJ	3RV_GAwAAAAJ	16
tCq7Wx0AAAAJ	uBbYp8gAAAAJ	22
ggKzpqIAAAAJ	v0GIoEgAAAAJ	22
w_lm_toAAAAJ	IksW07MAAAAJ	15
Q_4d9N0AAAAJ	xITAf6EAAAAJ	1
gWBoNCsAAAAJ	Qf4bw4UAAAAJ	2
bh-uRFMAAAAJ	XM97iScAAAAJ	9
aLOSzWwAAAAJ	bYlFzsYAAAAJ	1
ftAplLUAAAAJ	GN3C9q4AAAAJ	1
mhTBmDkAAAAJ	MMuP6cMAAAAJ	1
CUkAtC4AAAAJ	IksW07MAAAAJ	3
aN4IwM4AAAAJ	oizZKrsAAAAJ	4
9s9o-JcAAAAJ	bYlFzsYAAAAJ	1
A4D_M_EAAAAJ	kBiBksMAAAAJ	1
2pW1g5IAAAAJ	im5aMngAAAAJ	1
KQm_HnIAAAAJ	e3_l6fwAAAAJ	2
zZO9qG4AAAAJ	KgZxzjsAAAAJ	19
Be1OTOcAAAAJ	-WVPmUkAAAAJ	1
Kv9AbjMAAAAJ	T_r8IWQAAAAJ	3
Viv2E9AAAAAJ	Qhe5ua0AAAAJ	3
SHVhdhoAAAAJ	x3c1R2gAAAAJ	1
XqI4gAYAAAAJ	LWAFHkEAAAAJ	44
tIgxLTUAAAAJ	JsK4KpMAAAAJ	9
8iQk0DIAAAAJ	FDu4ciwAAAAJ	1
hc1m_BQAAAAJ	hM8uAwoAAAAJ	1
-cuxoSQAAAAJ	-809YacAAAAJ	1
No-GJRQAAAAJ	SRUYLREAAAAJ	7
E1jnOcUAAAAJ	KQm_HnIAAAAJ	2
cA28Zs0AAAAJ	30pCSfEAAAAJ	4
55pOyCkAAAAJ	iSq5G8cAAAAJ	3
8a2Z1loAAAAJ	BLDtWVEAAAAJ	1
2nmHOtoAAAAJ	cilyP7wAAAAJ	1
--RZd-sAAAAJ	kBiBksMAAAAJ	3
_VsL6mAAAAAJ	xjvr4yEAAAAJ	8
FlZ-5sMAAAAJ	qk0hejcAAAAJ	8
10iNskYAAAAJ	LWAFHkEAAAAJ	5
8Kk2MugAAAAJ	3oPjTK4AAAAJ	6
UnDfo6sAAAAJ	-cuxoSQAAAAJ	28
PafZ2Z4AAAAJ	qrHidmsAAAAJ	1
W_6Skd4AAAAJ	UcbMN8QAAAAJ	1
Kf97-EkAAAAJ	LM_QwbUAAAAJ	17
3bSbb20AAAAJ	-DVbMb4AAAAJ	1
3hrNqygAAAAJ	JsK4KpMAAAAJ	9
3qYUSDwAAAAJ	ocXMyBcAAAAJ	22
83an8lYAAAAJ	2K_KqskAAAAJ	4
tyYtUNIAAAAJ	OQ4t3U4AAAAJ	1
E1jnOcUAAAAJ	rnBRPpQAAAAJ	18
MO3BwFMAAAAJ	vzxeLyIAAAAJ	8
w_lm_toAAAAJ	Zc6X700AAAAJ	6
FtbGhBQAAAAJ	dgobB6AAAAAJ	2
L05BN0sAAAAJ	y3zG4z8AAAAJ	13
gwB_pJcAAAAJ	Juoqtj8AAAAJ	2
yvvjnhIAAAAJ	Qf4bw4UAAAAJ	1
bWOQjSIAAAAJ	L8yAc8sAAAAJ	12
-809YacAAAAJ	SSb4uV4AAAAJ	1
KQm_HnIAAAAJ	33CH6WUAAAAJ	13
xWnnHzYAAAAJ	yepPD_cAAAAJ	5
30pCSfEAAAAJ	G7D5O-0AAAAJ	1
pWQGJWEAAAAJ	p0tQZiAAAAAJ	9
YOVZiJkAAAAJ	MrVb9FkAAAAJ	1
x-cAH-AAAAAJ	Ui8pnoIAAAAJ	2
Js_zdpYAAAAJ	chP1Vc0AAAAJ	2
iBgmo3sAAAAJ	ZhcSLWsAAAAJ	1
CWj6pVcAAAAJ	8_Yj_RwAAAAJ	1
SHVhdhoAAAAJ	bnmsbZkAAAAJ	44
HaNGX5gAAAAJ	n6wC7nwAAAAJ	1
cA28Zs0AAAAJ	ZRrTqs8AAAAJ	4
_U9bzEAAAAAJ	10iNskYAAAAJ	1
W362rUwAAAAJ	0gkajvEAAAAJ	2
HdLFmroAAAAJ	vEbcIKYAAAAJ	13
5K8RGu8AAAAJ	yOJ8F4gAAAAJ	4
PfgeYGwAAAAJ	YOVZiJkAAAAJ	44
vuKTnnsAAAAJ	KQmFXsoAAAAJ	1
rr944LsAAAAJ	_TxappgAAAAJ	2
Qf4bw4UAAAAJ	FKbHXRUAAAAJ	1
YBQai3gAAAAJ	2E448xEAAAAJ	1
cO2uYoAAAAAJ	IR0yJB8AAAAJ	21
W362rUwAAAAJ	qq-SXN8AAAAJ	5
z17wdcsAAAAJ	M5_wxAkAAAAJ	10
FVsf9rkAAAAJ	x7huTU0AAAAJ	2
SHVhdhoAAAAJ	LWAFHkEAAAAJ	1
8_Yj_RwAAAAJ	_HYCqwkAAAAJ	2
WwadVmIAAAAJ	klpr-t0AAAAJ	3
BkygZFsAAAAJ	ZOh4TtIAAAAJ	1
I1RqBRoAAAAJ	xxN4UiEAAAAJ	1
sOI8QyoAAAAJ	QY-earAAAAAJ	4
cilyP7wAAAAJ	ocXMyBcAAAAJ	31
1qqf7D0AAAAJ	ZOh4TtIAAAAJ	1
tCq7Wx0AAAAJ	KQm_HnIAAAAJ	3
F6tblNcAAAAJ	TP-Jxn4AAAAJ	1
pkjoANMAAAAJ	hc1m_BQAAAAJ	1
V1Qym88AAAAJ	qfSkqSUAAAAJ	1
fzSHXS8AAAAJ	tFjo6FwAAAAJ	1
pHox8i0AAAAJ	yxUduqMAAAAJ	1
sWCpXFgAAAAJ	uVBjUtAAAAAJ	7
aLOSzWwAAAAJ	hmq4rGIAAAAJ	1
0pp-L_IAAAAJ	ImcSjGsAAAAJ	1
FtbGhBQAAAAJ	pHox8i0AAAAJ	1
CPqBDqUAAAAJ	MrVb9FkAAAAJ	8
cA28Zs0AAAAJ	n-Oret4AAAAJ	3
v5q00U8AAAAJ	_TxappgAAAAJ	8
yvvjnhIAAAAJ	_4i-G3YAAAAJ	4
NByrsK0AAAAJ	XM97iScAAAAJ	1
Viv2E9AAAAAJ	tDZ0XesAAAAJ	13
klpr-t0AAAAJ	PRCbG2kAAAAJ	3
-WVPmUkAAAAJ	88L1-JYAAAAJ	1
ojH7GEgAAAAJ	ZRrTqs8AAAAJ	2
jXTZEw4AAAAJ	nKVDcQoAAAAJ	1
Cgx9W6UAAAAJ	n6wC7nwAAAAJ	13
HRSDO6IAAAAJ	3XYmsKQAAAAJ	1
qoFYHTMAAAAJ	UwV9710AAAAJ	12
-CVR2h8AAAAJ	nKVDcQoAAAAJ	20
toODfV4AAAAJ	bNkvbPMAAAAJ	55
mIZu9oQAAAAJ	mlw_NjoAAAAJ	1
WwadVmIAAAAJ	PRCbG2kAAAAJ	9
C4m8TSUAAAAJ	dgobB6AAAAAJ	1
qoFYHTMAAAAJ	6_oL_9IAAAAJ	1
iBbfPfUAAAAJ	wY-Wy6IAAAAJ	5
P6qnxgcAAAAJ	HUxQ1TAAAAAJ	5
mZxsTCcAAAAJ	jXTZEw4AAAAJ	15
LWAFHkEAAAAJ	4PzSxEMAAAAJ	82
QY-earAAAAAJ	8Qu_gAMAAAAJ	1
9s9o-JcAAAAJ	bh-uRFMAAAAJ	1
RBQ_K40AAAAJ	tyYtUNIAAAAJ	3
W362rUwAAAAJ	SB3_eb0AAAAJ	8
8Kk2MugAAAAJ	P5eWdgsAAAAJ	2
G8GezxgAAAAJ	LWAFHkEAAAAJ	13
gWBoNCsAAAAJ	0zZnyMEAAAAJ	2
FWjqglcAAAAJ	MjoZWO8AAAAJ	12
runT3RsAAAAJ	iqiEX78AAAAJ	18
SqMUez0AAAAJ	MYqlcPgAAAAJ	6
_sz6oIoAAAAJ	tyYtUNIAAAAJ	1
ziDobv4AAAAJ	bnmsbZkAAAAJ	10
cilyP7wAAAAJ	3qYUSDwAAAAJ	23
HhKyc4EAAAAJ	T1P0XnIAAAAJ	1
4VJre9IAAAAJ	n-Oret4AAAAJ	9
YBQai3gAAAAJ	7jKj_NcAAAAJ	2
NHZdlVkAAAAJ	33CH6WUAAAAJ	2
8Kk2MugAAAAJ	0pp-L_IAAAAJ	4
HQeEzR0AAAAJ	nk3OcBoAAAAJ	1
_ZIAy3cAAAAJ	0RPdShUAAAAJ	1
uVBjUtAAAAAJ	1sMNiJIAAAAJ	17
_QU1opsAAAAJ	8KbzXvoAAAAJ	7
zZO9qG4AAAAJ	UwV9710AAAAJ	17
snf71h4AAAAJ	6_oL_9IAAAAJ	3
54w2_AcAAAAJ	GjFfiVwAAAAJ	16
07ds-DAAAAAJ	hmq4rGIAAAAJ	11
yxUduqMAAAAJ	Qhe5ua0AAAAJ	1
DSiNzkIAAAAJ	2E448xEAAAAJ	2
j7uL6VEAAAAJ	xEFh0AgAAAAJ	15
WwadVmIAAAAJ	F2jhvIoAAAAJ	18
3ro8yF4AAAAJ	tyYtUNIAAAAJ	2
M5_wxAkAAAAJ	jR3NLMsAAAAJ	9
KQm_HnIAAAAJ	iSq5G8cAAAAJ	1
HQeEzR0AAAAJ	YAgmYI8AAAAJ	1
I1RqBRoAAAAJ	iJakSYUAAAAJ	1
xjVBcr4AAAAJ	33CH6WUAAAAJ	1
JSFmVQEAAAAJ	bWTPrLEAAAAJ	1
PLKoRXsAAAAJ	rr944LsAAAAJ	12
LWAFHkEAAAAJ	c7reUlAAAAAJ	167
8GA4R2wAAAAJ	rnBRPpQAAAAJ	1
6foKsAIAAAAJ	x8UnxSoAAAAJ	2
p_QR9RUAAAAJ	y3_tUqsAAAAJ	9
WwadVmIAAAAJ	8VfMkGsAAAAJ	14
gWBoNCsAAAAJ	XTakCM0AAAAJ	16
WwadVmIAAAAJ	sr1HGtUAAAAJ	8
nKVDcQoAAAAJ	CPqBDqUAAAAJ	1
YnYx_TgAAAAJ	HUxQ1TAAAAAJ	11
DYZsiAIAAAAJ	RBQ_K40AAAAJ	1
MYqlcPgAAAAJ	Cgx9W6UAAAAJ	3
tCq7Wx0AAAAJ	rnBRPpQAAAAJ	3
im5aMngAAAAJ	FtbGhBQAAAAJ	3
qC7oNRUAAAAJ	4xHzvxkAAAAJ	4
NByrsK0AAAAJ	f0DADzYAAAAJ	4
Da-s1FQAAAAJ	6foKsAIAAAAJ	14
H5hyYbUAAAAJ	nngRAEYAAAAJ	9
cA28Zs0AAAAJ	SB3_eb0AAAAJ	1
3ro8yF4AAAAJ	--RZd-sAAAAJ	1
s2o3_90AAAAJ	tiHMmkcAAAAJ	1
5P3knO0AAAAJ	ZOh4TtIAAAAJ	4
CWj6pVcAAAAJ	qYbgZYgAAAAJ	1
33CH6WUAAAAJ	6qfyAZQAAAAJ	1
H8IzdhcAAAAJ	GN3C9q4AAAAJ	27
hiGGy0kAAAAJ	M6urChQAAAAJ	2
w7Mnkc4AAAAJ	nKVDcQoAAAAJ	2
sWCpXFgAAAAJ	nk3OcBoAAAAJ	2
vuKTnnsAAAAJ	XgifkSsAAAAJ	1
Js_zdpYAAAAJ	nKVDcQoAAAAJ	18
ClBxwZkAAAAJ	ftAplLUAAAAJ	9
DqCFHY8AAAAJ	FreXC9IAAAAJ	4
t4rXchwAAAAJ	HdLFmroAAAAJ	1
FTYtHb4AAAAJ	3-y3qmkAAAAJ	2
cA28Zs0AAAAJ	tCq7Wx0AAAAJ	46
CWj6pVcAAAAJ	rLSUeLsAAAAJ	14
-iEm2rUAAAAJ	UcbMN8QAAAAJ	1
6gWs-scAAAAJ	ZnvGMSIAAAAJ	2
upREfesAAAAJ	o_a5zckAAAAJ	1
9s9o-JcAAAAJ	G8GezxgAAAAJ	1
2nmHOtoAAAAJ	DSiNzkIAAAAJ	13
d6vuvHIAAAAJ	qXb4xQMAAAAJ	1
L9dwKyUAAAAJ	ctlAGI0AAAAJ	1
qoFYHTMAAAAJ	Viv2E9AAAAAJ	1
fAxws1sAAAAJ	XM97iScAAAAJ	1
mFPXD90AAAAJ	tdfS7TwAAAAJ	1
fAxws1sAAAAJ	n-Oret4AAAAJ	1
1guy5W4AAAAJ	ZflJqeUAAAAJ	15
NHZdlVkAAAAJ	qC7oNRUAAAAJ	3
T1P0XnIAAAAJ	6foKsAIAAAAJ	1
K8vJkTcAAAAJ	ptI-HHkAAAAJ	18
FtbGhBQAAAAJ	hmq4rGIAAAAJ	1
MrVb9FkAAAAJ	d6CtlCkAAAAJ	1
YAgmYI8AAAAJ	3Zg-7o4AAAAJ	1
gyL3CZ0AAAAJ	tIgxLTUAAAAJ	1
rr944LsAAAAJ	ggKzpqIAAAAJ	15
xxIrRjcAAAAJ	TZRFXM8AAAAJ	3
SHVhdhoAAAAJ	5P3knO0AAAAJ	1
LTL9MjwAAAAJ	bWTPrLEAAAAJ	1
vuKTnnsAAAAJ	yQXfAWMAAAAJ	3
HaNGX5gAAAAJ	6foKsAIAAAAJ	2
JwQWFLkAAAAJ	v0GIoEgAAAAJ	6
tCq7Wx0AAAAJ	WRlzk3UAAAAJ	1
rcGnOdYAAAAJ	BECu7wYAAAAJ	1
_5tjpG0AAAAJ	qXb4xQMAAAAJ	1
tCq7Wx0AAAAJ	toODfV4AAAAJ	3
P6qnxgcAAAAJ	0-tewh8AAAAJ	7
MYqlcPgAAAAJ	GUAoEcAAAAAJ	8
DYZsiAIAAAAJ	5P3knO0AAAAJ	8
5Tw9egMAAAAJ	SHVhdhoAAAAJ	4
cA28Zs0AAAAJ	T1P0XnIAAAAJ	4
4agt6FcAAAAJ	3kp_a7EAAAAJ	10
BkygZFsAAAAJ	ymDJ6oIAAAAJ	2
QgDpfCQAAAAJ	SnvLcLEAAAAJ	1
DYZsiAIAAAAJ	1qqf7D0AAAAJ	3
cA28Zs0AAAAJ	NHZdlVkAAAAJ	5
x3c1R2gAAAAJ	rcGnOdYAAAAJ	6
cuRERDcAAAAJ	0-tewh8AAAAJ	5
p_QR9RUAAAAJ	z17wdcsAAAAJ	12
rynvwScAAAAJ	gdD2E9QAAAAJ	8
CPqBDqUAAAAJ	oVygx30AAAAJ	2
kBiBksMAAAAJ	amDW89cAAAAJ	1
Q6WtK04AAAAJ	tyYtUNIAAAAJ	1
5K8RGu8AAAAJ	wSPgTVwAAAAJ	5
HhKyc4EAAAAJ	DhckaXkAAAAJ	1
lELCubQAAAAJ	A5vhsIYAAAAJ	7
cA28Zs0AAAAJ	Da-s1FQAAAAJ	2
cA28Zs0AAAAJ	uVBjUtAAAAAJ	1
I1RqBRoAAAAJ	oRlrVsAAAAAJ	10
forPRN8AAAAJ	loPUpHQAAAAJ	56
qC7oNRUAAAAJ	vXHA_XYAAAAJ	1
tcg-f_sAAAAJ	nngRAEYAAAAJ	15
HaNGX5gAAAAJ	d6CtlCkAAAAJ	1
HhKyc4EAAAAJ	YhFEmpMAAAAJ	1
QY-earAAAAAJ	qPlUgrgAAAAJ	1
g_JVzmIAAAAJ	Lym3wGUAAAAJ	19
hgZgvkUAAAAJ	JsK4KpMAAAAJ	14
54w2_AcAAAAJ	VGoSakQAAAAJ	1
GlBl-VUAAAAJ	ZflJqeUAAAAJ	10
KQm_HnIAAAAJ	J12C3nYAAAAJ	3
im5aMngAAAAJ	8rw_o7UAAAAJ	1
_4i-G3YAAAAJ	ZRrTqs8AAAAJ	3
f9iP-80AAAAJ	qfSkqSUAAAAJ	5
IR0yJB8AAAAJ	vXHA_XYAAAAJ	135
runT3RsAAAAJ	Da-s1FQAAAAJ	14
HhKyc4EAAAAJ	MrVb9FkAAAAJ	14
XgifkSsAAAAJ	8iQk0DIAAAAJ	1
2F-jTfEAAAAJ	rE1Y8DoAAAAJ	1
fAxws1sAAAAJ	FWjqglcAAAAJ	1
XLU7AuYAAAAJ	5P3knO0AAAAJ	1
fAxws1sAAAAJ	YAgmYI8AAAAJ	2
jKrIVCIAAAAJ	x_7xA0UAAAAJ	2
HgaNy9kAAAAJ	wY-Wy6IAAAAJ	1
XqI4gAYAAAAJ	q4FqPgYAAAAJ	2
p_QR9RUAAAAJ	HGTDp1UAAAAJ	6
NByrsK0AAAAJ	d6vuvHIAAAAJ	1
pjK2mQwAAAAJ	YAgmYI8AAAAJ	74
pHox8i0AAAAJ	rnBRPpQAAAAJ	1
rQ8F7rIAAAAJ	Gk5QsRoAAAAJ	1
H4TdGyYAAAAJ	MjoZWO8AAAAJ	8
jIOynFgAAAAJ	SHVhdhoAAAAJ	5
8a2Z1loAAAAJ	KgZxzjsAAAAJ	1
wAoRV_AAAAAJ	KbaDWTMAAAAJ	1
MYFF5l4AAAAJ	m4gr7P8AAAAJ	9
XLU7AuYAAAAJ	vm1u2DEAAAAJ	1
h9Tji70AAAAJ	HUxQ1TAAAAAJ	41
Kf97-EkAAAAJ	ckHkkjgAAAAJ	1
XLU7AuYAAAAJ	1qqf7D0AAAAJ	1
PLKoRXsAAAAJ	8_Yj_RwAAAAJ	1
Qf4bw4UAAAAJ	IR0yJB8AAAAJ	1
9s9o-JcAAAAJ	54w2_AcAAAAJ	1
Cgx9W6UAAAAJ	d6CtlCkAAAAJ	1
rHHKG_AAAAAJ	rcGnOdYAAAAJ	1
cuEHP_IAAAAJ	pxp6lUEAAAAJ	1
RJCmtBcAAAAJ	bOKmjf8AAAAJ	1
cA28Zs0AAAAJ	_4i-G3YAAAAJ	5
qC7oNRUAAAAJ	mIZu9oQAAAAJ	16
qC7oNRUAAAAJ	JQsX7rAAAAAJ	1
b9Bod2MAAAAJ	LWAFHkEAAAAJ	2
_QU1opsAAAAJ	OqeXIEMAAAAJ	1
rRBwhFwAAAAJ	P5eWdgsAAAAJ	6
gWBoNCsAAAAJ	0o1C8ykAAAAJ	2
J12C3nYAAAAJ	xITAf6EAAAAJ	1
ptI-HHkAAAAJ	Zy2cIskAAAAJ	5
4VJre9IAAAAJ	MrVb9FkAAAAJ	3
4VJre9IAAAAJ	cPmMoXoAAAAJ	1
XLU7AuYAAAAJ	loPUpHQAAAAJ	1
jDKM_4AAAAAJ	CPqBDqUAAAAJ	1
L9dwKyUAAAAJ	jsxk8vsAAAAJ	1
XgifkSsAAAAJ	x_7xA0UAAAAJ	4
N_Z79YgAAAAJ	DLVFrFAAAAAJ	3
H5hyYbUAAAAJ	Icl5BnYAAAAJ	5
EEGf5OAAAAAJ	1guy5W4AAAAJ	1
fzSHXS8AAAAJ	6_oL_9IAAAAJ	2
WKzKz9gAAAAJ	tDZ0XesAAAAJ	1
tyYtUNIAAAAJ	loPUpHQAAAAJ	1
VdzVqCwAAAAJ	MeSHpCsAAAAJ	15
YRPveMcAAAAJ	FDu4ciwAAAAJ	4
zZO9qG4AAAAJ	5V852JcAAAAJ	8
C4m8TSUAAAAJ	CPqBDqUAAAAJ	1
8KbzXvoAAAAJ	8ZtyZjAAAAAJ	20
WRlzk3UAAAAJ	W362rUwAAAAJ	12
VVpfyhsAAAAJ	HaNGX5gAAAAJ	1
8Kk2MugAAAAJ	MC6suuAAAAAJ	4
KvPSD8EAAAAJ	q92q8SMAAAAJ	2
pHox8i0AAAAJ	07ds-DAAAAAJ	1
W362rUwAAAAJ	6qfyAZQAAAAJ	1
L1y8y2MAAAAJ	3-y3qmkAAAAJ	2
4xHzvxkAAAAJ	FEj19lcAAAAJ	13
KvPSD8EAAAAJ	-809YacAAAAJ	1
2nmHOtoAAAAJ	bNkvbPMAAAAJ	7
cuRERDcAAAAJ	HUxQ1TAAAAAJ	31
cA28Zs0AAAAJ	36SCzI0AAAAJ	1
KgZxzjsAAAAJ	db9WLdcAAAAJ	2
_TxappgAAAAJ	ggKzpqIAAAAJ	23
6_oL_9IAAAAJ	Viv2E9AAAAAJ	6
lnC1vbAAAAAJ	c8LH7zUAAAAJ	13
Da-s1FQAAAAJ	Cgx9W6UAAAAJ	1
Qf4bw4UAAAAJ	pHox8i0AAAAJ	1
NByrsK0AAAAJ	amDW89cAAAAJ	6
4VJre9IAAAAJ	DZ3S--MAAAAJ	1
n-Oret4AAAAJ	8Qu_gAMAAAAJ	3
-DtKfGcAAAAJ	g_c8sA0AAAAJ	2
vXHA_XYAAAAJ	33CH6WUAAAAJ	1
NByrsK0AAAAJ	qXb4xQMAAAAJ	1
36SCzI0AAAAJ	88L1-JYAAAAJ	1
CWj6pVcAAAAJ	h9Tji70AAAAJ	3
bNkvbPMAAAAJ	Ui8pnoIAAAAJ	2
WL8igVEAAAAJ	d6vuvHIAAAAJ	1
HaNGX5gAAAAJ	07ds-DAAAAAJ	1
5ZpsRswAAAAJ	UcbMN8QAAAAJ	6
54w2_AcAAAAJ	CPqBDqUAAAAJ	1
Da-s1FQAAAAJ	JQsX7rAAAAAJ	3
d6vuvHIAAAAJ	WH2KmRgAAAAJ	31
WwadVmIAAAAJ	1o_wrqsAAAAJ	25
gwB_pJcAAAAJ	d6CtlCkAAAAJ	13
UeG5w08AAAAJ	CUkAtC4AAAAJ	3
vm1u2DEAAAAJ	DLVFrFAAAAAJ	15
p0tQZiAAAAAJ	OcNPtuUAAAAJ	1
n-Oret4AAAAJ	DZ3S--MAAAAJ	1
3JRh4RUAAAAJ	JsK4KpMAAAAJ	7
rr944LsAAAAJ	v5q00U8AAAAJ	3
VIwGymEAAAAJ	SyQ-T8cAAAAJ	8
0zZnyMEAAAAJ	bh-uRFMAAAAJ	3
p_QR9RUAAAAJ	HM7WbsgAAAAJ	17
mtB5szIAAAAJ	g9yhtN8AAAAJ	1
HhKyc4EAAAAJ	9ADkQMAAAAAJ	1
62soGRgAAAAJ	MeSHpCsAAAAJ	3
bWOQjSIAAAAJ	iSq5G8cAAAAJ	2
8kA3eDwAAAAJ	XM97iScAAAAJ	9
RJCmtBcAAAAJ	Da-s1FQAAAAJ	32
x8UnxSoAAAAJ	XeYCNAwAAAAJ	6
36SCzI0AAAAJ	xPoCswkAAAAJ	1
d6vuvHIAAAAJ	4xHzvxkAAAAJ	1
L05BN0sAAAAJ	8a2Z1loAAAAJ	1
_5tjpG0AAAAJ	HgaNy9kAAAAJ	1
2Qlrv_cAAAAJ	z17wdcsAAAAJ	1
6gWs-scAAAAJ	xxN4UiEAAAAJ	1
KbaDWTMAAAAJ	vm1u2DEAAAAJ	2
vm1u2DEAAAAJ	GN3C9q4AAAAJ	1
bWOQjSIAAAAJ	ZmiirIwAAAAJ	4
54w2_AcAAAAJ	pkjoANMAAAAJ	1
BDZ2z6YAAAAJ	oz_MXbIAAAAJ	2
mlw_NjoAAAAJ	ZRrTqs8AAAAJ	5
8_Yj_RwAAAAJ	DLVFrFAAAAAJ	7
rLSUeLsAAAAJ	YnYx_TgAAAAJ	15
NFmCFlsAAAAJ	vHN9guYAAAAJ	1
rynvwScAAAAJ	bh-uRFMAAAAJ	4
lELCubQAAAAJ	6k7bp8IAAAAJ	5
CPqBDqUAAAAJ	xITAf6EAAAAJ	1
runT3RsAAAAJ	GBGCjpQAAAAJ	9
l9UHHYgAAAAJ	vHsgntwAAAAJ	2
SnvLcLEAAAAJ	Zy2cIskAAAAJ	6
8a2Z1loAAAAJ	xITAf6EAAAAJ	1
xjvr4yEAAAAJ	pT7rjkQAAAAJ	29
I1RqBRoAAAAJ	ZnvGMSIAAAAJ	2
LwNkL3cAAAAJ	M9RDPB0AAAAJ	1
YOZbkCEAAAAJ	hc1m_BQAAAAJ	2
wY-Wy6IAAAAJ	0HhpXIwAAAAJ	1
g9yhtN8AAAAJ	qrVndScAAAAJ	2
2X6fAZgAAAAJ	x8UnxSoAAAAJ	1
33CH6WUAAAAJ	xITAf6EAAAAJ	4
F6tblNcAAAAJ	BECu7wYAAAAJ	1
rnBRPpQAAAAJ	ZRrTqs8AAAAJ	8
vME86a4AAAAJ	AsMU1QsAAAAJ	3
ClBxwZkAAAAJ	TP-Jxn4AAAAJ	1
tiFit0cAAAAJ	PRCbG2kAAAAJ	5
DrUwvK0AAAAJ	q7HqHocAAAAJ	1
2YZITOgAAAAJ	q_n7d6EAAAAJ	1
4VJre9IAAAAJ	ZRrTqs8AAAAJ	1
Q_4d9N0AAAAJ	97MiT_0AAAAJ	1
cza7nLcAAAAJ	-CVR2h8AAAAJ	29
VP-d_2gAAAAJ	oz_MXbIAAAAJ	1
2nmHOtoAAAAJ	33CH6WUAAAAJ	1
DqCFHY8AAAAJ	HleefHQAAAAJ	6
UeG5w08AAAAJ	T1lNNLkAAAAJ	1
tCq7Wx0AAAAJ	G7D5O-0AAAAJ	57
wY-Wy6IAAAAJ	tLrQhzIAAAAJ	1
HM7WbsgAAAAJ	c7reUlAAAAAJ	26
UnDfo6sAAAAJ	upREfesAAAAJ	1
DqCFHY8AAAAJ	83an8lYAAAAJ	2
dgobB6AAAAAJ	qfSkqSUAAAAJ	2
QY-earAAAAAJ	dgobB6AAAAAJ	53
ftAplLUAAAAJ	XLU7AuYAAAAJ	3
54w2_AcAAAAJ	5c38WVcAAAAJ	1
t4rXchwAAAAJ	tHNANpEAAAAJ	1
EEGf5OAAAAAJ	_D5W9yUAAAAJ	2
aLOSzWwAAAAJ	6_oL_9IAAAAJ	1
eEdKpQgAAAAJ	ZmiirIwAAAAJ	27
MO3BwFMAAAAJ	yxUduqMAAAAJ	1
WL8igVEAAAAJ	36SCzI0AAAAJ	1
j7uL6VEAAAAJ	WH2KmRgAAAAJ	2
qYbgZYgAAAAJ	0YxIvbEAAAAJ	2
HM7WbsgAAAAJ	y3_tUqsAAAAJ	6
FWjqglcAAAAJ	0RPdShUAAAAJ	3
Q_4d9N0AAAAJ	iJakSYUAAAAJ	1
VdzVqCwAAAAJ	uASl5F0AAAAJ	4
gWBoNCsAAAAJ	6_oL_9IAAAAJ	1
cA28Zs0AAAAJ	x8UnxSoAAAAJ	6
5Tw9egMAAAAJ	cmedVkoAAAAJ	1
tCq7Wx0AAAAJ	J0SKz5YAAAAJ	4
fAxws1sAAAAJ	tCq7Wx0AAAAJ	1
ftAplLUAAAAJ	5P3knO0AAAAJ	1
mgva3UgAAAAJ	f9iP-80AAAAJ	1
cA28Zs0AAAAJ	XeYCNAwAAAAJ	1
cilyP7wAAAAJ	MEc0TowAAAAJ	2
yxUduqMAAAAJ	8Qu_gAMAAAAJ	1
4VJre9IAAAAJ	FtbGhBQAAAAJ	1
e49cxvUAAAAJ	ln3BGqgAAAAJ	2
VGoSakQAAAAJ	PafZ2Z4AAAAJ	13
Q29WmWwAAAAJ	MjoZWO8AAAAJ	7
dMVI-XIAAAAJ	forPRN8AAAAJ	1
EEGf5OAAAAAJ	ghPIMpgAAAAJ	1
gWBoNCsAAAAJ	bh-uRFMAAAAJ	1
E1jnOcUAAAAJ	ZRrTqs8AAAAJ	6
tfQuPyEAAAAJ	XfYRqF4AAAAJ	1
KQmFXsoAAAAJ	DhckaXkAAAAJ	1
NByrsK0AAAAJ	qfSkqSUAAAAJ	1
jsxk8vsAAAAJ	0gkajvEAAAAJ	20
WKzKz9gAAAAJ	iNANm-sAAAAJ	5
TWXJxcAAAAAJ	WRlzk3UAAAAJ	1
gIqECGgAAAAJ	XeYCNAwAAAAJ	7
cA28Zs0AAAAJ	g9yhtN8AAAAJ	1
qoFYHTMAAAAJ	04aoCmQAAAAJ	36
VGoSakQAAAAJ	62soGRgAAAAJ	1
xjVBcr4AAAAJ	KQm_HnIAAAAJ	66
rQ8F7rIAAAAJ	M5_wxAkAAAAJ	30
fAxws1sAAAAJ	36SCzI0AAAAJ	1
YLOz1kgAAAAJ	bh-uRFMAAAAJ	24
ggKzpqIAAAAJ	--RZd-sAAAAJ	10
tCq7Wx0AAAAJ	SB3_eb0AAAAJ	2
vuKTnnsAAAAJ	q_n7d6EAAAAJ	4
2nmHOtoAAAAJ	2E448xEAAAAJ	1
JepH3ckAAAAJ	0zZnyMEAAAAJ	2
ggKzpqIAAAAJ	YhFEmpMAAAAJ	13
oRlrVsAAAAAJ	g4DdvyEAAAAJ	61
_wGOGjsAAAAJ	iBgmo3sAAAAJ	4
qXb4xQMAAAAJ	GUAoEcAAAAAJ	1
g9yhtN8AAAAJ	SDY9FwUAAAAJ	3
toODfV4AAAAJ	DSiNzkIAAAAJ	1
SSb4uV4AAAAJ	5P3knO0AAAAJ	2
tiHMmkcAAAAJ	yOJ8F4gAAAAJ	1
CWj6pVcAAAAJ	8a2Z1loAAAAJ	8
8Kk2MugAAAAJ	VspDmN8AAAAJ	7
WZ-h67UAAAAJ	8rw_o7UAAAAJ	3
wSPgTVwAAAAJ	G5Zm8aAAAAAJ	5
bsotxTgAAAAJ	_QU1opsAAAAJ	1
VjETp_wAAAAJ	VVYP3bgAAAAJ	1
36SCzI0AAAAJ	XM97iScAAAAJ	2
ojH7GEgAAAAJ	KQm_HnIAAAAJ	2
oz_MXbIAAAAJ	0-tewh8AAAAJ	129
vHN9guYAAAAJ	j9EXF1AAAAAJ	5
kSuuj6UAAAAJ	PRCbG2kAAAAJ	1
PIIoaKMAAAAJ	-WVPmUkAAAAJ	3
aLOSzWwAAAAJ	fzSHXS8AAAAJ	11
NByrsK0AAAAJ	rYsw7D4AAAAJ	22
cA28Zs0AAAAJ	Kv9AbjMAAAAJ	20
v5q00U8AAAAJ	YbSq5T0AAAAJ	10
HdLFmroAAAAJ	dHXCX-sAAAAJ	5
pjK2mQwAAAAJ	toODfV4AAAAJ	3
vm1u2DEAAAAJ	rcGnOdYAAAAJ	1
iBbfPfUAAAAJ	YJVAXCwAAAAJ	30
yvvjnhIAAAAJ	J12C3nYAAAAJ	1
0v5utcwAAAAJ	j7uL6VEAAAAJ	1
v4s6ll8AAAAJ	QgGaAdsAAAAJ	18
SqMUez0AAAAJ	pkjoANMAAAAJ	1
owqUYWMAAAAJ	bsotxTgAAAAJ	18
6qDjHUAAAAAJ	iNANm-sAAAAJ	2
BAdQpFkAAAAJ	oizZKrsAAAAJ	1
8Qu_gAMAAAAJ	Q_4d9N0AAAAJ	1
3-nQ3eoAAAAJ	Cgx9W6UAAAAJ	3
fAxws1sAAAAJ	WL8igVEAAAAJ	2
_HYCqwkAAAAJ	HUxQ1TAAAAAJ	6
BAdQpFkAAAAJ	H7vcwSAAAAAJ	1
CPqBDqUAAAAJ	d6CtlCkAAAAJ	1
UK-VpDoAAAAJ	FDu4ciwAAAAJ	1
tiFit0cAAAAJ	SRUYLREAAAAJ	2
_5tjpG0AAAAJ	d6vuvHIAAAAJ	1
ziDobv4AAAAJ	SHVhdhoAAAAJ	7
8iQk0DIAAAAJ	A5vhsIYAAAAJ	1
amDW89cAAAAJ	UcbMN8QAAAAJ	1
UnDfo6sAAAAJ	jtOKGpIAAAAJ	2
gyL3CZ0AAAAJ	JsK4KpMAAAAJ	2
0pp-L_IAAAAJ	ocXMyBcAAAAJ	1
T1j6LZAAAAAJ	ZmiirIwAAAAJ	3
CWj6pVcAAAAJ	vm1u2DEAAAAJ	1
zZO9qG4AAAAJ	db9WLdcAAAAJ	8
P19O_H8AAAAJ	FtbGhBQAAAAJ	1
PafZ2Z4AAAAJ	SBVuIBwAAAAJ	2
G7D5O-0AAAAJ	uVBjUtAAAAAJ	2
JJ31S6UAAAAJ	uVBjUtAAAAAJ	1
L1y8y2MAAAAJ	vXHA_XYAAAAJ	2
_QU1opsAAAAJ	TZRFXM8AAAAJ	3
vuKTnnsAAAAJ	tpoh43QAAAAJ	1
cuEHP_IAAAAJ	0YxIvbEAAAAJ	3
30pCSfEAAAAJ	qPlUgrgAAAAJ	1
J12C3nYAAAAJ	97MiT_0AAAAJ	1
6nuM6rcAAAAJ	IksW07MAAAAJ	9
54w2_AcAAAAJ	azcMaLoAAAAJ	18
HM7WbsgAAAAJ	HGTDp1UAAAAJ	7
G7D5O-0AAAAJ	XzBeCwIAAAAJ	6
54w2_AcAAAAJ	07ds-DAAAAAJ	2
XgifkSsAAAAJ	Qp5971IAAAAJ	1
F6tblNcAAAAJ	5P3knO0AAAAJ	1
fAxws1sAAAAJ	4xHzvxkAAAAJ	1
K8vJkTcAAAAJ	gwB_pJcAAAAJ	2
KgZxzjsAAAAJ	yxUduqMAAAAJ	6
-0LFOnYAAAAJ	q92q8SMAAAAJ	4
cPmMoXoAAAAJ	hmq4rGIAAAAJ	1
NByrsK0AAAAJ	tCq7Wx0AAAAJ	37
Q29WmWwAAAAJ	C2lVQO8AAAAJ	6
M3he9Y8AAAAJ	tLrQhzIAAAAJ	1
HM7WbsgAAAAJ	G8GezxgAAAAJ	11
F2jhvIoAAAAJ	Ay_j7dUAAAAJ	14
MYqlcPgAAAAJ	FEj19lcAAAAJ	1
XgifkSsAAAAJ	ptI-HHkAAAAJ	8
ggKzpqIAAAAJ	XLU7AuYAAAAJ	1
qC7oNRUAAAAJ	d6vuvHIAAAAJ	1
36SCzI0AAAAJ	3xlmctcAAAAJ	29
runT3RsAAAAJ	HhKyc4EAAAAJ	18
H5hyYbUAAAAJ	tcg-f_sAAAAJ	3
10iNskYAAAAJ	y3_tUqsAAAAJ	1
bh-uRFMAAAAJ	gUEkPQEAAAAJ	1
gWBoNCsAAAAJ	W362rUwAAAAJ	15
JQsX7rAAAAAJ	07ds-DAAAAAJ	1
vXHA_XYAAAAJ	3-y3qmkAAAAJ	10
CPqBDqUAAAAJ	d6vuvHIAAAAJ	1
Uk8VhXEAAAAJ	q7HqHocAAAAJ	1
9s9o-JcAAAAJ	9xDADY4AAAAJ	1
F2jhvIoAAAAJ	1o_wrqsAAAAJ	2
4K7L-eAAAAAJ	cPmMoXoAAAAJ	4
JwQWFLkAAAAJ	ggKzpqIAAAAJ	36
C4m8TSUAAAAJ	qPlUgrgAAAAJ	1
aLOSzWwAAAAJ	CPqBDqUAAAAJ	1
zTedPdwAAAAJ	cmedVkoAAAAJ	2
8Kk2MugAAAAJ	h8NURnIAAAAJ	3
4g7P1w4AAAAJ	5V852JcAAAAJ	1
qC7oNRUAAAAJ	CPqBDqUAAAAJ	1
WKzKz9gAAAAJ	6_oL_9IAAAAJ	2
jsxk8vsAAAAJ	bNkvbPMAAAAJ	3
I1RqBRoAAAAJ	QY-earAAAAAJ	1
PLKoRXsAAAAJ	YnYx_TgAAAAJ	1
8iQk0DIAAAAJ	ptI-HHkAAAAJ	6
rnR3JrYAAAAJ	GUAoEcAAAAAJ	1
qVKYugIAAAAJ	g_c8sA0AAAAJ	5
0v5utcwAAAAJ	0zZnyMEAAAAJ	2
-N-_kgsAAAAJ	Cgx9W6UAAAAJ	2
K8vJkTcAAAAJ	jKrIVCIAAAAJ	2
5Tw9egMAAAAJ	9iGjfDkAAAAJ	2
mIZu9oQAAAAJ	6qfyAZQAAAAJ	1
visVQVUAAAAJ	AlGQ8ZEAAAAJ	2
tWbKlfMAAAAJ	5P3knO0AAAAJ	1
4VJre9IAAAAJ	07ds-DAAAAAJ	2
h8NURnIAAAAJ	wvVg44gAAAAJ	9
8Qu_gAMAAAAJ	xITAf6EAAAAJ	1
mZxsTCcAAAAJ	WH2KmRgAAAAJ	4
DLVFrFAAAAAJ	nngRAEYAAAAJ	13
WxJIpkcAAAAJ	sr1HGtUAAAAJ	4
GlBl-VUAAAAJ	DLVFrFAAAAAJ	3
nxuhv0wAAAAJ	ptI-HHkAAAAJ	4
mtB5szIAAAAJ	DZ3S--MAAAAJ	1
4VJre9IAAAAJ	KQm_HnIAAAAJ	4
-WVPmUkAAAAJ	ln3BGqgAAAAJ	21
4VJre9IAAAAJ	CPqBDqUAAAAJ	4
I1RqBRoAAAAJ	jDKM_4AAAAAJ	1
36SCzI0AAAAJ	JsK4KpMAAAAJ	14
nxuhv0wAAAAJ	YOVZiJkAAAAJ	3
fzSHXS8AAAAJ	3qYUSDwAAAAJ	2
oz_MXbIAAAAJ	HUxQ1TAAAAAJ	16
YOZbkCEAAAAJ	pHox8i0AAAAJ	7
qC7oNRUAAAAJ	mlw_NjoAAAAJ	15
mtB5szIAAAAJ	oVygx30AAAAJ	1
E1jnOcUAAAAJ	33CH6WUAAAAJ	27
1guy5W4AAAAJ	9TpPcjoAAAAJ	1
MO3BwFMAAAAJ	N_Z79YgAAAAJ	1
ghPIMpgAAAAJ	N_Z79YgAAAAJ	3
HdLFmroAAAAJ	7jKj_NcAAAAJ	9
jTzDAsIAAAAJ	KQm_HnIAAAAJ	1
0RPdShUAAAAJ	MjoZWO8AAAAJ	5
WxJIpkcAAAAJ	ftAplLUAAAAJ	1
Kf97-EkAAAAJ	ptI-HHkAAAAJ	17
HGTDp1UAAAAJ	4PzSxEMAAAAJ	6
-0LFOnYAAAAJ	-DVbMb4AAAAJ	1
tpoh43QAAAAJ	8Qu_gAMAAAAJ	2
qC7oNRUAAAAJ	4VJre9IAAAAJ	3
kI5JKs8AAAAJ	G7D5O-0AAAAJ	4
2X6fAZgAAAAJ	hc1m_BQAAAAJ	6
qC7oNRUAAAAJ	qPlUgrgAAAAJ	2
62soGRgAAAAJ	wAoRV_AAAAAJ	1
L9dwKyUAAAAJ	VdzVqCwAAAAJ	4
CWj6pVcAAAAJ	0-tewh8AAAAJ	59
-6maX04AAAAJ	SyQ-T8cAAAAJ	1
MO3BwFMAAAAJ	ZflJqeUAAAAJ	1
iJakSYUAAAAJ	J12C3nYAAAAJ	1
4VJre9IAAAAJ	kI5JKs8AAAAJ	2
s2o3_90AAAAJ	0YxIvbEAAAAJ	1
G8GezxgAAAAJ	c7reUlAAAAAJ	13
fAxws1sAAAAJ	NByrsK0AAAAJ	1
0v5utcwAAAAJ	jXTZEw4AAAAJ	1
gyL3CZ0AAAAJ	8rw_o7UAAAAJ	1
zTedPdwAAAAJ	TP-Jxn4AAAAJ	1
WZ-h67UAAAAJ	VhIULXH7sLwC	2
qC7oNRUAAAAJ	hiGGy0kAAAAJ	4
YtFi-KkAAAAJ	L05BN0sAAAAJ	1
gyL3CZ0AAAAJ	M6urChQAAAAJ	1
6foKsAIAAAAJ	hmq4rGIAAAAJ	2
CUkAtC4AAAAJ	iTNcAakAAAAJ	20
n-Oret4AAAAJ	SB3_eb0AAAAJ	1
6foKsAIAAAAJ	bOKmjf8AAAAJ	1
zZO9qG4AAAAJ	O-QzGusAAAAJ	24
SqMUez0AAAAJ	MMuP6cMAAAAJ	1
tLrQhzIAAAAJ	c7reUlAAAAAJ	5
WrnEVwQAAAAJ	DqCFHY8AAAAJ	1
VGoSakQAAAAJ	6k7bp8IAAAAJ	1
6k7bp8IAAAAJ	XM97iScAAAAJ	1
iBgmo3sAAAAJ	t-5QQSsAAAAJ	24
FVsf9rkAAAAJ	oe-jFWAAAAAJ	1
xjVBcr4AAAAJ	rnBRPpQAAAAJ	2
aLOSzWwAAAAJ	4VJre9IAAAAJ	3
9s9o-JcAAAAJ	wY-Wy6IAAAAJ	1
g9yhtN8AAAAJ	fkftQJAAAAAJ	4
QRyCQq4AAAAJ	Qf4bw4UAAAAJ	1
Zy2cIskAAAAJ	Juoqtj8AAAAJ	1
qvKcICQAAAAJ	PRCbG2kAAAAJ	1
cza7nLcAAAAJ	3qYUSDwAAAAJ	4
VGoSakQAAAAJ	T_r8IWQAAAAJ	1
6qDjHUAAAAAJ	6_oL_9IAAAAJ	3
forPRN8AAAAJ	-809YacAAAAJ	13
54w2_AcAAAAJ	97MiT_0AAAAJ	3
YAgmYI8AAAAJ	toODfV4AAAAJ	2
avGnwvwAAAAJ	gWBoNCsAAAAJ	1
T1j6LZAAAAAJ	QLsTu80AAAAJ	11
4VJre9IAAAAJ	jTzDAsIAAAAJ	1
qXb4xQMAAAAJ	4xHzvxkAAAAJ	1
UhQJOB4AAAAJ	6yoY1d8AAAAJ	2
PIIoaKMAAAAJ	ln3BGqgAAAAJ	3
8_Yj_RwAAAAJ	YnYx_TgAAAAJ	1
nfeNsaoAAAAJ	y3_tUqsAAAAJ	4
v4s6ll8AAAAJ	JsK4KpMAAAAJ	2
6qDjHUAAAAAJ	JSFmVQEAAAAJ	1
8iQk0DIAAAAJ	YRPveMcAAAAJ	10
M6urChQAAAAJ	07ds-DAAAAAJ	2
-cuxoSQAAAAJ	9ADkQMAAAAAJ	1
PfgeYGwAAAAJ	MrVb9FkAAAAJ	1
cA28Zs0AAAAJ	c8LH7zUAAAAJ	1
L1y8y2MAAAAJ	gy4UVGcAAAAJ	13
_TxappgAAAAJ	YhFEmpMAAAAJ	1
MC6suuAAAAAJ	n7HDm44AAAAJ	4
WwadVmIAAAAJ	Ay_j7dUAAAAJ	34
2OJOZTUAAAAJ	Kv9AbjMAAAAJ	2
jDKM_4AAAAAJ	XLU7AuYAAAAJ	8
UeG5w08AAAAJ	iTNcAakAAAAJ	3
P19O_H8AAAAJ	MrVb9FkAAAAJ	1
ptI-HHkAAAAJ	gwB_pJcAAAAJ	3
WwadVmIAAAAJ	BECu7wYAAAAJ	2
J12C3nYAAAAJ	M6urChQAAAAJ	6
tCq7Wx0AAAAJ	J12C3nYAAAAJ	2
PafZ2Z4AAAAJ	AsMU1QsAAAAJ	3
J12C3nYAAAAJ	07ds-DAAAAAJ	2
mIZu9oQAAAAJ	ZRrTqs8AAAAJ	1
nKVDcQoAAAAJ	xITAf6EAAAAJ	1
DqCFHY8AAAAJ	_cFhtU4AAAAJ	14
qC7oNRUAAAAJ	tCq7Wx0AAAAJ	11
CPqBDqUAAAAJ	6k7bp8IAAAAJ	1
HaNGX5gAAAAJ	XeYCNAwAAAAJ	1
Q6WtK04AAAAJ	No-GJRQAAAAJ	2
QY-earAAAAAJ	97MiT_0AAAAJ	1
n-Oret4AAAAJ	5V852JcAAAAJ	2
CYwffSUAAAAJ	G7D5O-0AAAAJ	5
rynvwScAAAAJ	_5tjpG0AAAAJ	1
MrVb9FkAAAAJ	ITwqf1gAAAAJ	2
LTL9MjwAAAAJ	FTYtHb4AAAAJ	1
jTzDAsIAAAAJ	M6urChQAAAAJ	1
3HjjRz8AAAAJ	pWQGJWEAAAAJ	2
kI5JKs8AAAAJ	toODfV4AAAAJ	2
0v5utcwAAAAJ	66qppJsAAAAJ	1
W362rUwAAAAJ	fAw_t5EAAAAJ	11
wAoRV_AAAAAJ	-6maX04AAAAJ	1
0nOfuMgAAAAJ	ZflJqeUAAAAJ	8
ojH7GEgAAAAJ	tCq7Wx0AAAAJ	7
04aoCmQAAAAJ	zZO9qG4AAAAJ	19
FDu4ciwAAAAJ	DWKoeW0AAAAJ	1
Qf4bw4UAAAAJ	GUAoEcAAAAAJ	26
GN3C9q4AAAAJ	BECu7wYAAAAJ	1
d6vuvHIAAAAJ	33CH6WUAAAAJ	1
Z03FLwkAAAAJ	lnC1vbAAAAAJ	2
JSFmVQEAAAAJ	2E448xEAAAAJ	1
Da-s1FQAAAAJ	cPmMoXoAAAAJ	1
gfpmAkQAAAAJ	oRlrVsAAAAAJ	2
4VJre9IAAAAJ	rnBRPpQAAAAJ	1
upREfesAAAAJ	VspDmN8AAAAJ	9
10iNskYAAAAJ	BIpt-3MAAAAJ	1
mgva3UgAAAAJ	DWKoeW0AAAAJ	3
s4yZTp4AAAAJ	8Qu_gAMAAAAJ	1
VVpfyhsAAAAJ	n6wC7nwAAAAJ	1
b9Bod2MAAAAJ	klpr-t0AAAAJ	1
YOVZiJkAAAAJ	q_n7d6EAAAAJ	2
UnDfo6sAAAAJ	--VLCRoAAAAJ	14
b9Bod2MAAAAJ	fv1RjgEAAAAJ	12
CPqBDqUAAAAJ	iJakSYUAAAAJ	21
HM7WbsgAAAAJ	nfeNsaoAAAAJ	21
8GA4R2wAAAAJ	4VJre9IAAAAJ	2
36SCzI0AAAAJ	bh-uRFMAAAAJ	1
_C33NmEAAAAJ	_X-PrRkAAAAJ	1
2pW1g5IAAAAJ	4VJre9IAAAAJ	1
L1y8y2MAAAAJ	IR0yJB8AAAAJ	2
DSiNzkIAAAAJ	qrVndScAAAAJ	5
qC7oNRUAAAAJ	_4i-G3YAAAAJ	18
YtFi-KkAAAAJ	8_Yj_RwAAAAJ	1
ptI-HHkAAAAJ	qXb4xQMAAAAJ	9
Qf4bw4UAAAAJ	9xDADY4AAAAJ	1
cA28Zs0AAAAJ	pkjoANMAAAAJ	1
rr944LsAAAAJ	-iqhJgQAAAAJ	1
Q6WtK04AAAAJ	1o_wrqsAAAAJ	4
tiHMmkcAAAAJ	wSPgTVwAAAAJ	1
runT3RsAAAAJ	6Pmbv8IAAAAJ	14
ASf9Q04AAAAJ	3RV_GAwAAAAJ	4
jTzDAsIAAAAJ	33CH6WUAAAAJ	8
5ZpsRswAAAAJ	-iEm2rUAAAAJ	5
aLOSzWwAAAAJ	cPmMoXoAAAAJ	6
runT3RsAAAAJ	CPqBDqUAAAAJ	5
xWnnHzYAAAAJ	C2lVQO8AAAAJ	1
mhTBmDkAAAAJ	88L1-JYAAAAJ	1
8Kk2MugAAAAJ	7QbSKnMAAAAJ	5
54w2_AcAAAAJ	bOKmjf8AAAAJ	9
WwadVmIAAAAJ	tyYtUNIAAAAJ	4
66qppJsAAAAJ	JsK4KpMAAAAJ	1
Kv9AbjMAAAAJ	3XYmsKQAAAAJ	1
0zZnyMEAAAAJ	rynvwScAAAAJ	1
KQm_HnIAAAAJ	HgaNy9kAAAAJ	2
snf71h4AAAAJ	M93Auk4AAAAJ	2
54w2_AcAAAAJ	2X6fAZgAAAAJ	8
I1RqBRoAAAAJ	xITAf6EAAAAJ	1
wNIKmGoAAAAJ	DSiNzkIAAAAJ	1
kJ_03NMAAAAJ	fAw_t5EAAAAJ	21
XgifkSsAAAAJ	dHXCX-sAAAAJ	1
runT3RsAAAAJ	54w2_AcAAAAJ	1
CWj6pVcAAAAJ	BLDtWVEAAAAJ	13
jsxk8vsAAAAJ	kR7DersAAAAJ	15
Zc6X700AAAAJ	IksW07MAAAAJ	18
LwNkL3cAAAAJ	-6maX04AAAAJ	1
yepPD_cAAAAJ	0RPdShUAAAAJ	5
V1Qym88AAAAJ	f9iP-80AAAAJ	1
PLKoRXsAAAAJ	MO3BwFMAAAAJ	1
PLKoRXsAAAAJ	ggKzpqIAAAAJ	18
bh-uRFMAAAAJ	33CH6WUAAAAJ	1
j9EXF1AAAAAJ	HUxQ1TAAAAAJ	15
7WgUoKMAAAAJ	1sMNiJIAAAAJ	1
MYFF5l4AAAAJ	jR3NLMsAAAAJ	6
NHZdlVkAAAAJ	pHox8i0AAAAJ	2
g9yhtN8AAAAJ	bRiKI7MAAAAJ	12
bsotxTgAAAAJ	HGTDp1UAAAAJ	6
0nOfuMgAAAAJ	1guy5W4AAAAJ	2
vuKTnnsAAAAJ	t4rXchwAAAAJ	1
4g7P1w4AAAAJ	rcGnOdYAAAAJ	2
qoFYHTMAAAAJ	snf71h4AAAAJ	1
YAgmYI8AAAAJ	DSiNzkIAAAAJ	1
cGCalUQAAAAJ	3xlmctcAAAAJ	3
9s9o-JcAAAAJ	GUAoEcAAAAAJ	24
tIgxLTUAAAAJ	nKVDcQoAAAAJ	1
f3dhjoYAAAAJ	Z_jPrx8AAAAJ	42
W2XJUmUAAAAJ	LDb4tb0AAAAJ	13
_TxappgAAAAJ	p0tQZiAAAAAJ	1
0nOfuMgAAAAJ	_D5W9yUAAAAJ	5
C2lVQO8AAAAJ	H4TdGyYAAAAJ	12
cGCalUQAAAAJ	QgGaAdsAAAAJ	11
6k7bp8IAAAAJ	qXb4xQMAAAAJ	1
M6QwrLAAAAAJ	p0tQZiAAAAAJ	5
ojH7GEgAAAAJ	mlw_NjoAAAAJ	1
ftAplLUAAAAJ	rcGnOdYAAAAJ	7
azcMaLoAAAAJ	GUAoEcAAAAAJ	1
IHUOFK4AAAAJ	5P3knO0AAAAJ	5
hiGGy0kAAAAJ	Cgx9W6UAAAAJ	4
WL8igVEAAAAJ	JQsX7rAAAAAJ	1
rnR3JrYAAAAJ	fAw_t5EAAAAJ	2
HM7WbsgAAAAJ	GN3C9q4AAAAJ	1
10iNskYAAAAJ	XqI4gAYAAAAJ	4
FWjqglcAAAAJ	H4TdGyYAAAAJ	18
KgZxzjsAAAAJ	iJakSYUAAAAJ	1
tLrQhzIAAAAJ	nfeNsaoAAAAJ	1
NHZdlVkAAAAJ	ckHkkjgAAAAJ	4
4xHzvxkAAAAJ	XeYCNAwAAAAJ	1
Da-s1FQAAAAJ	tFjo6FwAAAAJ	2
CPqBDqUAAAAJ	tCq7Wx0AAAAJ	1
d6vuvHIAAAAJ	bh-uRFMAAAAJ	1
aLOSzWwAAAAJ	Qf4bw4UAAAAJ	2
h9Tji70AAAAJ	0-tewh8AAAAJ	7
--VLCRoAAAAJ	loPUpHQAAAAJ	28
8_Yj_RwAAAAJ	9TpPcjoAAAAJ	53
mDoQWSwAAAAJ	-CVR2h8AAAAJ	9
GjFfiVwAAAAJ	JQsX7rAAAAAJ	1
jTzDAsIAAAAJ	ZRrTqs8AAAAJ	2
tCq7Wx0AAAAJ	hc1m_BQAAAAJ	12
klpr-t0AAAAJ	bnmsbZkAAAAJ	1
g9yhtN8AAAAJ	EYsanUcAAAAJ	7
hVZiQDQAAAAJ	l9QQeHgAAAAJ	1
CPqBDqUAAAAJ	Qf4bw4UAAAAJ	1
rynvwScAAAAJ	H7vcwSAAAAAJ	5
Qth4UmoAAAAJ	7Rh9iP0AAAAJ	21
vm1u2DEAAAAJ	9TpPcjoAAAAJ	1
W362rUwAAAAJ	o3wWRZMAAAAJ	3
6qDjHUAAAAAJ	HgaNy9kAAAAJ	21
kSuuj6UAAAAJ	n7HDm44AAAAJ	10
runT3RsAAAAJ	ITwqf1gAAAAJ	2
GgKnNwEAAAAJ	FKbHXRUAAAAJ	1
ASf9Q04AAAAJ	dHXCX-sAAAAJ	3
9iGjfDkAAAAJ	SHVhdhoAAAAJ	5
xITAf6EAAAAJ	JQsX7rAAAAAJ	1
L9dwKyUAAAAJ	GHsoyKIAAAAJ	1
54w2_AcAAAAJ	cA28Zs0AAAAJ	2
62soGRgAAAAJ	qVKYugIAAAAJ	1
upREfesAAAAJ	n7HDm44AAAAJ	18
XeYCNAwAAAAJ	JQsX7rAAAAAJ	2
6foKsAIAAAAJ	Cgx9W6UAAAAJ	1
AsMU1QsAAAAJ	1qqf7D0AAAAJ	4
-809YacAAAAJ	5P3knO0AAAAJ	25
PfgeYGwAAAAJ	-0LFOnYAAAAJ	1
rr944LsAAAAJ	YbSq5T0AAAAJ	14
RJCmtBcAAAAJ	ITwqf1gAAAAJ	10
54w2_AcAAAAJ	6foKsAIAAAAJ	2
x_7xA0UAAAAJ	DWKoeW0AAAAJ	2
yxUduqMAAAAJ	2E448xEAAAAJ	1
ojH7GEgAAAAJ	33CH6WUAAAAJ	1
Q_4d9N0AAAAJ	GgKnNwEAAAAJ	1
L1y8y2MAAAAJ	G7D5O-0AAAAJ	1
vm1u2DEAAAAJ	tcg-f_sAAAAJ	4
wNIKmGoAAAAJ	nKVDcQoAAAAJ	1
GhpkHDAAAAAJ	xjvr4yEAAAAJ	1
W362rUwAAAAJ	G7D5O-0AAAAJ	18
6foKsAIAAAAJ	JQsX7rAAAAAJ	4
WxJIpkcAAAAJ	rcGnOdYAAAAJ	1
YAgmYI8AAAAJ	nKVDcQoAAAAJ	2
qC7oNRUAAAAJ	rnBRPpQAAAAJ	11
cuEHP_IAAAAJ	wSPgTVwAAAAJ	4
5K8RGu8AAAAJ	tiHMmkcAAAAJ	1
rynvwScAAAAJ	wY-Wy6IAAAAJ	1
kSuuj6UAAAAJ	MC6suuAAAAAJ	5
JepH3ckAAAAJ	bh-uRFMAAAAJ	1
SqMUez0AAAAJ	07ds-DAAAAAJ	9
-N-_kgsAAAAJ	n6wC7nwAAAAJ	2
4VJre9IAAAAJ	qPlUgrgAAAAJ	2
LiLwnssAAAAJ	M3he9Y8AAAAJ	1
NHZdlVkAAAAJ	KgZxzjsAAAAJ	6
wSPgTVwAAAAJ	YJVAXCwAAAAJ	11
HRSDO6IAAAAJ	im5aMngAAAAJ	3
W362rUwAAAAJ	ZRrTqs8AAAAJ	1
1qqf7D0AAAAJ	SBVuIBwAAAAJ	4
RJCmtBcAAAAJ	07ds-DAAAAAJ	1
54w2_AcAAAAJ	SjjIQ24AAAAJ	1
cPmMoXoAAAAJ	DZ3S--MAAAAJ	1
yQXfAWMAAAAJ	kJ_03NMAAAAJ	20
HaNGX5gAAAAJ	Da-s1FQAAAAJ	3
WRlzk3UAAAAJ	o3wWRZMAAAAJ	1
aLOSzWwAAAAJ	fAxws1sAAAAJ	1
PfgeYGwAAAAJ	BAdQpFkAAAAJ	1
WL8igVEAAAAJ	6k7bp8IAAAAJ	2
KQmFXsoAAAAJ	amDW89cAAAAJ	2
d9f_YvcAAAAJ	cA28Zs0AAAAJ	1
bWTPrLEAAAAJ	2E448xEAAAAJ	2
E1jnOcUAAAAJ	W362rUwAAAAJ	2
Da-s1FQAAAAJ	07ds-DAAAAAJ	5
KgZxzjsAAAAJ	nKVDcQoAAAAJ	1
yexUDMQAAAAJ	yOJ8F4gAAAAJ	1
HM7WbsgAAAAJ	q4FqPgYAAAAJ	1
qC7oNRUAAAAJ	M6urChQAAAAJ	9
qC7oNRUAAAAJ	KQm_HnIAAAAJ	46
8a2Z1loAAAAJ	QY-earAAAAAJ	1
iBbfPfUAAAAJ	Nq_T4UwAAAAJ	2
WxJIpkcAAAAJ	Ay_j7dUAAAAJ	1
jTzDAsIAAAAJ	tCq7Wx0AAAAJ	5
KgZxzjsAAAAJ	dgobB6AAAAAJ	1
yiiVQ1MAAAAJ	8a2Z1loAAAAJ	1
2OJOZTUAAAAJ	tpoh43QAAAAJ	3
R-XGnpcAAAAJ	HaNGX5gAAAAJ	3
I1RqBRoAAAAJ	8a2Z1loAAAAJ	1
-DtKfGcAAAAJ	qVKYugIAAAAJ	3
0zZnyMEAAAAJ	CcSZwTsAAAAJ	1
8GA4R2wAAAAJ	8iQk0DIAAAAJ	1
vJ1MBM4AAAAJ	Qhe5ua0AAAAJ	2
WZ0030cAAAAJ	DZ3S--MAAAAJ	1
o3wWRZMAAAAJ	MMuP6cMAAAAJ	1
I1RqBRoAAAAJ	qPlUgrgAAAAJ	1
PafZ2Z4AAAAJ	1qqf7D0AAAAJ	4
rLSUeLsAAAAJ	8_Yj_RwAAAAJ	2
p_QR9RUAAAAJ	10iNskYAAAAJ	4
85EVVHQAAAAJ	HUxQ1TAAAAAJ	1
WZ-h67UAAAAJ	85EVVHQAAAAJ	1
8a2Z1loAAAAJ	j9EXF1AAAAAJ	2
LTL9MjwAAAAJ	zZO9qG4AAAAJ	13
pkjoANMAAAAJ	vXHA_XYAAAAJ	1
wSPgTVwAAAAJ	yOJ8F4gAAAAJ	18
QY-earAAAAAJ	J12C3nYAAAAJ	1
FTYtHb4AAAAJ	vXHA_XYAAAAJ	5
CPqBDqUAAAAJ	dgobB6AAAAAJ	1
visVQVUAAAAJ	NFmCFlsAAAAJ	15
L05BN0sAAAAJ	wY-Wy6IAAAAJ	1
YtFi-KkAAAAJ	Hzb4ZWEAAAAJ	36
uBbYp8gAAAAJ	kR7DersAAAAJ	1
HGTDp1UAAAAJ	y3_tUqsAAAAJ	3
8a2Z1loAAAAJ	97MiT_0AAAAJ	1
G8GezxgAAAAJ	nfeNsaoAAAAJ	16
d6vU434AAAAJ	L8yAc8sAAAAJ	3
qC7oNRUAAAAJ	07ds-DAAAAAJ	3
97MiT_0AAAAJ	dgobB6AAAAAJ	1
AQG8WlcAAAAJ	xxN4UiEAAAAJ	8
T1P0XnIAAAAJ	MrVb9FkAAAAJ	24
3qYUSDwAAAAJ	nKVDcQoAAAAJ	17
runT3RsAAAAJ	l9QQeHgAAAAJ	21
MC6suuAAAAAJ	x-cAH-AAAAAJ	3
tCq7Wx0AAAAJ	kR7DersAAAAJ	2
2nmHOtoAAAAJ	6_oL_9IAAAAJ	1
04aoCmQAAAAJ	UwV9710AAAAJ	17
CWj6pVcAAAAJ	j9EXF1AAAAAJ	5
aLOSzWwAAAAJ	g9yhtN8AAAAJ	5
VGoSakQAAAAJ	5c38WVcAAAAJ	132
30pCSfEAAAAJ	KQm_HnIAAAAJ	3
G7D5O-0AAAAJ	qPlUgrgAAAAJ	6
YCZYhF8AAAAJ	vm1u2DEAAAAJ	2
tCq7Wx0AAAAJ	Rt1a5-6vh4UC	1
tCq7Wx0AAAAJ	XeYCNAwAAAAJ	2
pHox8i0AAAAJ	JQsX7rAAAAAJ	1
nxuhv0wAAAAJ	3DtMaPEAAAAJ	1
7WgUoKMAAAAJ	_ZIAy3cAAAAJ	2
SDY9FwUAAAAJ	XeYCNAwAAAAJ	3
2nmHOtoAAAAJ	l8wiON4AAAAJ	10
DYZsiAIAAAAJ	forPRN8AAAAJ	14
xWnnHzYAAAAJ	z8NwFvcAAAAJ	1
cA28Zs0AAAAJ	jTzDAsIAAAAJ	3
jDKM_4AAAAAJ	iJakSYUAAAAJ	1
SnvLcLEAAAAJ	-DVbMb4AAAAJ	3
wGT17PcAAAAJ	qfSkqSUAAAAJ	3
jXTZEw4AAAAJ	CcSZwTsAAAAJ	1
nk3OcBoAAAAJ	XfYRqF4AAAAJ	6
qXb4xQMAAAAJ	hmq4rGIAAAAJ	1
RJCmtBcAAAAJ	XeYCNAwAAAAJ	1
HUxQ1TAAAAAJ	0-tewh8AAAAJ	35
NByrsK0AAAAJ	Juoqtj8AAAAJ	1
XLU7AuYAAAAJ	BECu7wYAAAAJ	1
10iNskYAAAAJ	c7reUlAAAAAJ	6
3HjjRz8AAAAJ	JwQWFLkAAAAJ	4
66qppJsAAAAJ	oizZKrsAAAAJ	8
BECu7wYAAAAJ	SRUYLREAAAAJ	1
yQXfAWMAAAAJ	Be1OTOcAAAAJ	1
3bSbb20AAAAJ	w_lm_toAAAAJ	1
rnR3JrYAAAAJ	EySbr8sAAAAJ	7
Kv9AbjMAAAAJ	qXb4xQMAAAAJ	1
1o_wrqsAAAAJ	sr1HGtUAAAAJ	1
54w2_AcAAAAJ	hc1m_BQAAAAJ	1
CPqBDqUAAAAJ	HgaNy9kAAAAJ	2
_4i-G3YAAAAJ	6qfyAZQAAAAJ	2
KgZxzjsAAAAJ	2E448xEAAAAJ	10
ojH7GEgAAAAJ	J0SKz5YAAAAJ	17
xjVBcr4AAAAJ	jTzDAsIAAAAJ	1
HaNGX5gAAAAJ	x8UnxSoAAAAJ	1
NHZdlVkAAAAJ	e3_l6fwAAAAJ	1
4agt6FcAAAAJ	QgGaAdsAAAAJ	1
cA28Zs0AAAAJ	UcpEexUAAAAJ	1
RJCmtBcAAAAJ	2X6fAZgAAAAJ	1
OQ4t3U4AAAAJ	PRCbG2kAAAAJ	83
NHZdlVkAAAAJ	s4yZTp4AAAAJ	1
nKVDcQoAAAAJ	8Qu_gAMAAAAJ	2
bWOQjSIAAAAJ	VVYP3bgAAAAJ	3
L-pC28sAAAAJ	eYVXgAoAAAAJ	1
3HjjRz8AAAAJ	PLKoRXsAAAAJ	2
s4yZTp4AAAAJ	2A6PMfEAAAAJ	1
_4i-G3YAAAAJ	pHox8i0AAAAJ	5
aPxDp7wAAAAJ	ocXMyBcAAAAJ	2
ZtQVZawAAAAJ	Y_Ieu7EAAAAJ	5
tCq7Wx0AAAAJ	VMFWEMcAAAAJ	17
tyYtUNIAAAAJ	0HhpXIwAAAAJ	8
PfgeYGwAAAAJ	t4rXchwAAAAJ	9
W362rUwAAAAJ	33CH6WUAAAAJ	1
Xv5EbpcAAAAJ	wY-Wy6IAAAAJ	17
CYwffSUAAAAJ	tCq7Wx0AAAAJ	32
No-GJRQAAAAJ	eYVXgAoAAAAJ	3
PLKoRXsAAAAJ	YbSq5T0AAAAJ	4
IR0yJB8AAAAJ	6ZHvHDEAAAAJ	7
cilyP7wAAAAJ	nKVDcQoAAAAJ	1
WRlzk3UAAAAJ	SB3_eb0AAAAJ	1
Z_jPrx8AAAAJ	27EtyNkAAAAJ	5
8a2Z1loAAAAJ	C4m8TSUAAAAJ	1
lgkJg6EAAAAJ	fv1RjgEAAAAJ	7
xWnnHzYAAAAJ	_ZIAy3cAAAAJ	2
3HjjRz8AAAAJ	p0tQZiAAAAAJ	1
ClBxwZkAAAAJ	Gu-FyNMAAAAJ	3
ujIV4gUAAAAJ	bNkvbPMAAAAJ	1
owqUYWMAAAAJ	CWj6pVcAAAAJ	1
UK-VpDoAAAAJ	Qp5971IAAAAJ	1
HhKyc4EAAAAJ	-iqhJgQAAAAJ	1
VVpfyhsAAAAJ	6_oL_9IAAAAJ	1
88L1-JYAAAAJ	uVBjUtAAAAAJ	2
_U9bzEAAAAAJ	hgZgvkUAAAAJ	1
MYFF5l4AAAAJ	z17wdcsAAAAJ	7
0WVyaVMAAAAJ	mgva3UgAAAAJ	1
CWj6pVcAAAAJ	vHsgntwAAAAJ	2
p_QR9RUAAAAJ	tLrQhzIAAAAJ	5
6foKsAIAAAAJ	n6wC7nwAAAAJ	1
2OJOZTUAAAAJ	8rw_o7UAAAAJ	7
NByrsK0AAAAJ	0gkajvEAAAAJ	1
HGTDp1UAAAAJ	nfeNsaoAAAAJ	18
0zZnyMEAAAAJ	Qf4bw4UAAAAJ	1
qC7oNRUAAAAJ	FtbGhBQAAAAJ	4
tyYtUNIAAAAJ	SSb4uV4AAAAJ	1
Pi012CQAAAAJ	XzBeCwIAAAAJ	42
2Qlrv_cAAAAJ	tfQuPyEAAAAJ	3
SXutMMAAAAAJ	HUxQ1TAAAAAJ	7
0v5utcwAAAAJ	bh-uRFMAAAAJ	2
qXb4xQMAAAAJ	pHox8i0AAAAJ	1
VdzVqCwAAAAJ	N1vnxn4AAAAJ	6
4tcxRqMAAAAJ	H5hyYbUAAAAJ	5
F6tblNcAAAAJ	cmedVkoAAAAJ	1
xWnnHzYAAAAJ	Q29WmWwAAAAJ	10
V1Qym88AAAAJ	QY-earAAAAAJ	18
-iqhJgQAAAAJ	YhFEmpMAAAAJ	1
CPqBDqUAAAAJ	pHox8i0AAAAJ	1
Qf4bw4UAAAAJ	Da-s1FQAAAAJ	1
vm1u2DEAAAAJ	Icl5BnYAAAAJ	13
bOKmjf8AAAAJ	d6CtlCkAAAAJ	2
XgifkSsAAAAJ	PfgeYGwAAAAJ	1
3bSbb20AAAAJ	fhOi--4AAAAJ	7
XeYCNAwAAAAJ	n6wC7nwAAAAJ	1
BDZ2z6YAAAAJ	j9EXF1AAAAAJ	1
TP-Jxn4AAAAJ	cmedVkoAAAAJ	3
F6tblNcAAAAJ	vm1u2DEAAAAJ	1
g_JVzmIAAAAJ	-6maX04AAAAJ	3
G8GezxgAAAAJ	tLrQhzIAAAAJ	3
jsxk8vsAAAAJ	CUkAtC4AAAAJ	4
vzxeLyIAAAAJ	tyYtUNIAAAAJ	1
bOKmjf8AAAAJ	JQsX7rAAAAAJ	1
tCq7Wx0AAAAJ	30pCSfEAAAAJ	4
pHox8i0AAAAJ	ZRrTqs8AAAAJ	1
NHZdlVkAAAAJ	BkygZFsAAAAJ	1
4tcxRqMAAAAJ	vm1u2DEAAAAJ	12
55pOyCkAAAAJ	VVYP3bgAAAAJ	21
Q_4d9N0AAAAJ	dgobB6AAAAAJ	1
Q6WtK04AAAAJ	8VfMkGsAAAAJ	1
JSFmVQEAAAAJ	DSiNzkIAAAAJ	1
rnR3JrYAAAAJ	s4yZTp4AAAAJ	1
Q6WtK04AAAAJ	sr1HGtUAAAAJ	1
G8GezxgAAAAJ	y3_tUqsAAAAJ	2
OJ2WdXAAAAAJ	wSPgTVwAAAAJ	3
p_QR9RUAAAAJ	q4FqPgYAAAAJ	10
6qDjHUAAAAAJ	vJ1MBM4AAAAJ	1
SB3_eb0AAAAJ	Rt1a5-6vh4UC	10
fAxws1sAAAAJ	6k7bp8IAAAAJ	1
ghPIMpgAAAAJ	ZflJqeUAAAAJ	23
pjK2mQwAAAAJ	-CVR2h8AAAAJ	1
qPlUgrgAAAAJ	e3_l6fwAAAAJ	1
qC7oNRUAAAAJ	8GA4R2wAAAAJ	1
aLOSzWwAAAAJ	EYsanUcAAAAJ	23
eFf2p4cAAAAJ	CUkAtC4AAAAJ	1
W362rUwAAAAJ	_4i-G3YAAAAJ	1
KQm_HnIAAAAJ	pHox8i0AAAAJ	2
F6tblNcAAAAJ	Gu-FyNMAAAAJ	27
forPRN8AAAAJ	jtOKGpIAAAAJ	2
ggKzpqIAAAAJ	YbSq5T0AAAAJ	32
Kv9AbjMAAAAJ	bOKmjf8AAAAJ	1
cA28Zs0AAAAJ	vXHA_XYAAAAJ	1
NByrsK0AAAAJ	VMFWEMcAAAAJ	11
9s9o-JcAAAAJ	NafmldkAAAAJ	1
ftAplLUAAAAJ	klpr-t0AAAAJ	1
NByrsK0AAAAJ	kI5JKs8AAAAJ	2
CPqBDqUAAAAJ	JQsX7rAAAAAJ	3
6ZHvHDEAAAAJ	gy4UVGcAAAAJ	1
jR3NLMsAAAAJ	m4gr7P8AAAAJ	13
n-Oret4AAAAJ	CPqBDqUAAAAJ	1
p_QR9RUAAAAJ	m4gr7P8AAAAJ	30
8Kk2MugAAAAJ	b9Bod2MAAAAJ	3
IIhYQ7oAAAAJ	bOKmjf8AAAAJ	4
6foKsAIAAAAJ	d6CtlCkAAAAJ	1
jDKM_4AAAAAJ	Q_4d9N0AAAAJ	1
CWj6pVcAAAAJ	cuRERDcAAAAJ	2
EEGf5OAAAAAJ	ZflJqeUAAAAJ	4
qoFYHTMAAAAJ	nM77MX0AAAAJ	1
PMjIXFIAAAAJ	_VsL6mAAAAAJ	1
o_a5zckAAAAJ	ZflJqeUAAAAJ	3
tIgxLTUAAAAJ	xEFh0AgAAAAJ	1
Z_jPrx8AAAAJ	UuSk_zkAAAAJ	2
K8vJkTcAAAAJ	NByrsK0AAAAJ	1
5_2_THUAAAAJ	C4m8TSUAAAAJ	14
8GA4R2wAAAAJ	P19O_H8AAAAJ	2
kSuuj6UAAAAJ	3oPjTK4AAAAJ	7
0WVyaVMAAAAJ	OjHwJN0AAAAJ	1
P5eWdgsAAAAJ	UcbMN8QAAAAJ	1
J0SKz5YAAAAJ	G7D5O-0AAAAJ	4
4VJre9IAAAAJ	6foKsAIAAAAJ	1
C4m8TSUAAAAJ	97MiT_0AAAAJ	1
v5q00U8AAAAJ	YhFEmpMAAAAJ	1
VP-d_2gAAAAJ	_HYCqwkAAAAJ	1
UK-VpDoAAAAJ	8iQk0DIAAAAJ	5
runT3RsAAAAJ	4VJre9IAAAAJ	1
forPRN8AAAAJ	ZOh4TtIAAAAJ	8
nk3OcBoAAAAJ	G8GezxgAAAAJ	1
27EtyNkAAAAJ	1qqf7D0AAAAJ	4
5P3knO0AAAAJ	loPUpHQAAAAJ	16
oN85b_gAAAAJ	MrVb9FkAAAAJ	1
kSuuj6UAAAAJ	P5eWdgsAAAAJ	1
NafmldkAAAAJ	Qf4bw4UAAAAJ	2
kI5JKs8AAAAJ	uVBjUtAAAAAJ	8
-0LFOnYAAAAJ	ptI-HHkAAAAJ	11
w7Mnkc4AAAAJ	mDoQWSwAAAAJ	2
cuEHP_IAAAAJ	L9dwKyUAAAAJ	1
ZVMcyxYAAAAJ	oizZKrsAAAAJ	1
Kv9AbjMAAAAJ	im5aMngAAAAJ	1
jTzDAsIAAAAJ	rnBRPpQAAAAJ	4
bWOQjSIAAAAJ	VjETp_wAAAAJ	8
1o_wrqsAAAAJ	SRUYLREAAAAJ	2
nKVDcQoAAAAJ	iJakSYUAAAAJ	1
toODfV4AAAAJ	uVBjUtAAAAAJ	6
LTL9MjwAAAAJ	2A6PMfEAAAAJ	3
tpoh43QAAAAJ	HRSDO6IAAAAJ	3
_sz6oIoAAAAJ	--RZd-sAAAAJ	1
3-nQ3eoAAAAJ	HQeEzR0AAAAJ	4
TP-Jxn4AAAAJ	Gu-FyNMAAAAJ	1
Q29WmWwAAAAJ	_ZIAy3cAAAAJ	14
Q6WtK04AAAAJ	SRUYLREAAAAJ	1
vuKTnnsAAAAJ	bHm5I5sAAAAJ	1
-deXrt8AAAAJ	VdzVqCwAAAAJ	1
vJ1MBM4AAAAJ	2E448xEAAAAJ	1
NByrsK0AAAAJ	mL6QKeQAAAAJ	9
BDZ2z6YAAAAJ	_HYCqwkAAAAJ	2
CUkAtC4AAAAJ	WV7XovQAAAAJ	2
Q29WmWwAAAAJ	z8NwFvcAAAAJ	1
10iNskYAAAAJ	hgZgvkUAAAAJ	1
WL8igVEAAAAJ	pHox8i0AAAAJ	1
Q6WtK04AAAAJ	GbLB9aAAAAAJ	1
d9f_YvcAAAAJ	hc1m_BQAAAAJ	1
INUmPLsAAAAJ	LwNkL3cAAAAJ	2
-N-_kgsAAAAJ	GUAoEcAAAAAJ	3
rynvwScAAAAJ	36SCzI0AAAAJ	4
XgifkSsAAAAJ	YRPveMcAAAAJ	2
8Kk2MugAAAAJ	wvVg44gAAAAJ	2
TOAnGa8AAAAJ	c7reUlAAAAAJ	5
gyL3CZ0AAAAJ	xITAf6EAAAAJ	1
CWj6pVcAAAAJ	P6qnxgcAAAAJ	9
gWBoNCsAAAAJ	gUEkPQEAAAAJ	1
8iQk0DIAAAAJ	YOVZiJkAAAAJ	2
avGnwvwAAAAJ	cuRERDcAAAAJ	1
nKVDcQoAAAAJ	Q_4d9N0AAAAJ	1
lELCubQAAAAJ	AaVPa5kAAAAJ	2
J12C3nYAAAAJ	qPlUgrgAAAAJ	1
x7huTU0AAAAJ	HlxqS1MAAAAJ	1
A5vhsIYAAAAJ	cPmMoXoAAAAJ	1
K8vJkTcAAAAJ	Zy2cIskAAAAJ	1
c79hBb0AAAAJ	tyYtUNIAAAAJ	6
-0LFOnYAAAAJ	PEEpuNwAAAAJ	14
HRSDO6IAAAAJ	T_r8IWQAAAAJ	1
E1jnOcUAAAAJ	pHox8i0AAAAJ	1
I1RqBRoAAAAJ	CPqBDqUAAAAJ	1
TZRFXM8AAAAJ	8KbzXvoAAAAJ	3
yvvjnhIAAAAJ	XeYCNAwAAAAJ	1
VIwGymEAAAAJ	LwNkL3cAAAAJ	5
6qDjHUAAAAAJ	cPmMoXoAAAAJ	2
sMSUuY8AAAAJ	tyYtUNIAAAAJ	17
ASf9Q04AAAAJ	tHNANpEAAAAJ	6
rcGnOdYAAAAJ	bnmsbZkAAAAJ	3
xITAf6EAAAAJ	ZRrTqs8AAAAJ	4
b9Bod2MAAAAJ	lgkJg6EAAAAJ	4
HlxqS1MAAAAJ	mvdw03oAAAAJ	1
runT3RsAAAAJ	yvvjnhIAAAAJ	1
Be1OTOcAAAAJ	3DtMaPEAAAAJ	1
qC7oNRUAAAAJ	G7D5O-0AAAAJ	2
lELCubQAAAAJ	pT7rjkQAAAAJ	6
NHZdlVkAAAAJ	6qfyAZQAAAAJ	1
p_QR9RUAAAAJ	G8GezxgAAAAJ	11
yvvjnhIAAAAJ	4VJre9IAAAAJ	1
EYsanUcAAAAJ	x8UnxSoAAAAJ	1
10iNskYAAAAJ	HM7WbsgAAAAJ	3
hVZiQDQAAAAJ	MMuP6cMAAAAJ	1
RJCmtBcAAAAJ	6foKsAIAAAAJ	2
WRlzk3UAAAAJ	rE1Y8DoAAAAJ	1
d-Zq1l0AAAAJ	g9yhtN8AAAAJ	7
DSiNzkIAAAAJ	vJ1MBM4AAAAJ	1
gWBoNCsAAAAJ	SB3_eb0AAAAJ	12
sMSUuY8AAAAJ	kBiBksMAAAAJ	2
10iNskYAAAAJ	CZFDkfEAAAAJ	2
ClBxwZkAAAAJ	F6tblNcAAAAJ	3
WKzKz9gAAAAJ	HgaNy9kAAAAJ	34
6_oL_9IAAAAJ	M93Auk4AAAAJ	1
4VJre9IAAAAJ	M6urChQAAAAJ	7
3HjjRz8AAAAJ	v5q00U8AAAAJ	3
FTYtHb4AAAAJ	IR0yJB8AAAAJ	14
hiGGy0kAAAAJ	33CH6WUAAAAJ	1
cPmMoXoAAAAJ	2E448xEAAAAJ	3
T1j6LZAAAAAJ	5ZpsRswAAAAJ	1
nk3OcBoAAAAJ	wY-Wy6IAAAAJ	8
gIqECGgAAAAJ	SDY9FwUAAAAJ	2
oRlrVsAAAAAJ	tHNXlAYAAAAJ	1
NHZdlVkAAAAJ	88L1-JYAAAAJ	8
L9dwKyUAAAAJ	wSPgTVwAAAAJ	1
HQeEzR0AAAAJ	-NdFqI_E8z4C	2
VGoSakQAAAAJ	3Zg-7o4AAAAJ	1
rynvwScAAAAJ	YPq3ax4AAAAJ	23
N_Z79YgAAAAJ	ZflJqeUAAAAJ	30
Q6WtK04AAAAJ	WwadVmIAAAAJ	8
J12C3nYAAAAJ	XeYCNAwAAAAJ	1
runT3RsAAAAJ	6foKsAIAAAAJ	6
SqMUez0AAAAJ	QRyCQq4AAAAJ	10
ptI-HHkAAAAJ	KgZxzjsAAAAJ	2
2F-jTfEAAAAJ	P19O_H8AAAAJ	1
VP-d_2gAAAAJ	cuRERDcAAAAJ	7
yvvjnhIAAAAJ	qPlUgrgAAAAJ	1
PLKoRXsAAAAJ	YhFEmpMAAAAJ	11
3bSbb20AAAAJ	CUkAtC4AAAAJ	14
4VJre9IAAAAJ	qrVndScAAAAJ	1
HGTDp1UAAAAJ	c7reUlAAAAAJ	17
WV7XovQAAAAJ	WZ0030cAAAAJ	1
L05BN0sAAAAJ	2VMMsmsAAAAJ	26
WxJIpkcAAAAJ	klpr-t0AAAAJ	1
-0LFOnYAAAAJ	YOVZiJkAAAAJ	61
enpgnuQAAAAJ	uVBjUtAAAAAJ	6
oizZKrsAAAAJ	9xDADY4AAAAJ	3
cA28Zs0AAAAJ	yvvjnhIAAAAJ	5
IR0yJB8AAAAJ	gy4UVGcAAAAJ	14
WZ-h67UAAAAJ	X6vPtQEAAAAJ	14
VjETp_wAAAAJ	olCWoa8AAAAJ	3
wNIKmGoAAAAJ	3qYUSDwAAAAJ	2
JwQWFLkAAAAJ	--RZd-sAAAAJ	3
Z0uxspMAAAAJ	ln3BGqgAAAAJ	1
CUkAtC4AAAAJ	qfSkqSUAAAAJ	7
gIqECGgAAAAJ	g9yhtN8AAAAJ	7
3L2Ih0wAAAAJ	gyL3CZ0AAAAJ	1
ojH7GEgAAAAJ	rnBRPpQAAAAJ	1
3HjjRz8AAAAJ	_TxappgAAAAJ	5
owqUYWMAAAAJ	YJVAXCwAAAAJ	1
FtbGhBQAAAAJ	yxUduqMAAAAJ	1
nk3OcBoAAAAJ	tLrQhzIAAAAJ	1
YtFi-KkAAAAJ	5QYkLKoAAAAJ	7
rynvwScAAAAJ	XM97iScAAAAJ	16
WZ-h67UAAAAJ	y3zG4z8AAAAJ	3
JSFmVQEAAAAJ	cPmMoXoAAAAJ	1
oRlrVsAAAAAJ	6gWs-scAAAAJ	13
Q29WmWwAAAAJ	1sMNiJIAAAAJ	2
vHN9guYAAAAJ	tLrQhzIAAAAJ	1
_ZIAy3cAAAAJ	VDhnOHEAAAAJ	1
cA28Zs0AAAAJ	4VJre9IAAAAJ	94
zTedPdwAAAAJ	Gu-FyNMAAAAJ	3
XqI4gAYAAAAJ	HGTDp1UAAAAJ	34
L-pC28sAAAAJ	OQ4t3U4AAAAJ	1
toODfV4AAAAJ	CcSZwTsAAAAJ	9
UnDfo6sAAAAJ	loPUpHQAAAAJ	76
ZtQVZawAAAAJ	FDu4ciwAAAAJ	1
e3_l6fwAAAAJ	ZRrTqs8AAAAJ	1
XgifkSsAAAAJ	UK-VpDoAAAAJ	1
P19O_H8AAAAJ	G7D5O-0AAAAJ	3
cPmMoXoAAAAJ	HgaNy9kAAAAJ	3
4bHLr_IAAAAJ	DLVFrFAAAAAJ	6
fAw_t5EAAAAJ	XzBeCwIAAAAJ	6
W2XJUmUAAAAJ	JsK4KpMAAAAJ	2
6nuM6rcAAAAJ	Zc6X700AAAAJ	3
SjjIQ24AAAAJ	oVygx30AAAAJ	1
