yepPD_cAAAAJ	z8NwFvcAAAAJ	1
10iNskYAAAAJ	WZ0030cAAAAJ	1
LTL9MjwAAAAJ	2E448xEAAAAJ	2
XLU7AuYAAAAJ	AsMU1QsAAAAJ	1
DLVFrFAAAAAJ	E1knViwAAAAJ	2
tLrQhzIAAAAJ	HUxQ1TAAAAAJ	1
qC7oNRUAAAAJ	xITAf6EAAAAJ	10
lnC1vbAAAAAJ	XeYCNAwAAAAJ	1
WL8igVEAAAAJ	mL6QKeQAAAAJ	1
yxUduqMAAAAJ	8Qu_gAMAAAAJ	1
3bSbb20AAAAJ	BAdQpFkAAAAJ	1
rnR3JrYAAAAJ	Cgx9W6UAAAAJ	1
CWj6pVcAAAAJ	SXutMMAAAAAJ	1
e49cxvUAAAAJ	ln3BGqgAAAAJ	2
HRSDO6IAAAAJ	bWTPrLEAAAAJ	1
3HjjRz8AAAAJ	UcbMN8QAAAAJ	1
tyYtUNIAAAAJ	l9QQeHgAAAAJ	2
ZqTie5sAAAAJ	IksW07MAAAAJ	5
ptI-HHkAAAAJ	PEEpuNwAAAAJ	6
Q29WmWwAAAAJ	MjoZWO8AAAAJ	2
dMVI-XIAAAAJ	forPRN8AAAAJ	1
NByrsK0AAAAJ	KQmFXsoAAAAJ	21
WZ-h67UAAAAJ	2VMMsmsAAAAJ	4
upREfesAAAAJ	rRBwhFwAAAAJ	28
E1jnOcUAAAAJ	ZRrTqs8AAAAJ	4
bh-uRFMAAAAJ	1c5IZ0QAAAAJ	4
tfQuPyEAAAAJ	XfYRqF4AAAAJ	1
SDY9FwUAAAAJ	x8UnxSoAAAAJ	2
KQmFXsoAAAAJ	DhckaXkAAAAJ	1
HleefHQAAAAJ	tCq7Wx0AAAAJ	1
cA28Zs0AAAAJ	rnBRPpQAAAAJ	1
aTpJ0fcAAAAJ	wSPgTVwAAAAJ	2
WKzKz9gAAAAJ	iNANm-sAAAAJ	5
1o_wrqsAAAAJ	Ay_j7dUAAAAJ	2
4agt6FcAAAAJ	VdzVqCwAAAAJ	1
gIqECGgAAAAJ	XeYCNAwAAAAJ	5
UcpEexUAAAAJ	2A6PMfEAAAAJ	9
cGCalUQAAAAJ	xPoCswkAAAAJ	1
hiGGy0kAAAAJ	MMuP6cMAAAAJ	2
_TxappgAAAAJ	YbSq5T0AAAAJ	30
qoFYHTMAAAAJ	04aoCmQAAAAJ	23
xjVBcr4AAAAJ	KQm_HnIAAAAJ	22
rQ8F7rIAAAAJ	M5_wxAkAAAAJ	29
WxJIpkcAAAAJ	WwadVmIAAAAJ	8
HRSDO6IAAAAJ	SnvLcLEAAAAJ	1
NByrsK0AAAAJ	fAw_t5EAAAAJ	6
7QbSKnMAAAAJ	rRBwhFwAAAAJ	2
0RPdShUAAAAJ	H4TdGyYAAAAJ	1
ggKzpqIAAAAJ	--RZd-sAAAAJ	1
toODfV4AAAAJ	ZwBxbEUAAAAJ	5
lnC1vbAAAAAJ	53HX4X8AAAAJ	3
JepH3ckAAAAJ	0zZnyMEAAAAJ	2
ggKzpqIAAAAJ	YhFEmpMAAAAJ	9
VIwGymEAAAAJ	Lym3wGUAAAAJ	14
oRlrVsAAAAAJ	g4DdvyEAAAAJ	19
_wGOGjsAAAAJ	iBgmo3sAAAAJ	3
g9yhtN8AAAAJ	SDY9FwUAAAAJ	3
vME86a4AAAAJ	qrHidmsAAAAJ	3
oN85b_gAAAAJ	tyYtUNIAAAAJ	1
3ekS0ucAAAAJ	Js_zdpYAAAAJ	1
IR0yJB8AAAAJ	3-y3qmkAAAAJ	4
FDu4ciwAAAAJ	x_7xA0UAAAAJ	2
1o_wrqsAAAAJ	BECu7wYAAAAJ	1
VVpfyhsAAAAJ	hmq4rGIAAAAJ	1
8Kk2MugAAAAJ	VspDmN8AAAAJ	7
WZ-h67UAAAAJ	8rw_o7UAAAAJ	3
0zZnyMEAAAAJ	H7vcwSAAAAAJ	1
xITAf6EAAAAJ	qk0hejcAAAAJ	28
VjETp_wAAAAJ	VVYP3bgAAAAJ	1
bsotxTgAAAAJ	_QU1opsAAAAJ	1
MO3BwFMAAAAJ	amDW89cAAAAJ	32
oz_MXbIAAAAJ	0-tewh8AAAAJ	44
vHN9guYAAAAJ	j9EXF1AAAAAJ	5
QgGaAdsAAAAJ	JsK4KpMAAAAJ	10
LWAFHkEAAAAJ	HGTDp1UAAAAJ	18
PIIoaKMAAAAJ	-WVPmUkAAAAJ	2
aLOSzWwAAAAJ	fzSHXS8AAAAJ	1
cA28Zs0AAAAJ	Kv9AbjMAAAAJ	15
NByrsK0AAAAJ	rYsw7D4AAAAJ	18
VdzVqCwAAAAJ	GHsoyKIAAAAJ	15
5ZpsRswAAAAJ	-iqhJgQAAAAJ	1
mtB5szIAAAAJ	2nmHOtoAAAAJ	1
v5q00U8AAAAJ	YbSq5T0AAAAJ	10
T1lNNLkAAAAJ	iTNcAakAAAAJ	23
mZxsTCcAAAAJ	DSiNzkIAAAAJ	1
bsotxTgAAAAJ	YJVAXCwAAAAJ	1
tiHMmkcAAAAJ	YJVAXCwAAAAJ	2
hgZgvkUAAAAJ	QgGaAdsAAAAJ	35
iBbfPfUAAAAJ	YJVAXCwAAAAJ	16
Z03FLwkAAAAJ	XeYCNAwAAAAJ	1
v4s6ll8AAAAJ	QgGaAdsAAAAJ	6
L05BN0sAAAAJ	j9EXF1AAAAAJ	2
2X6fAZgAAAAJ	d6CtlCkAAAAJ	1
G8GezxgAAAAJ	4PzSxEMAAAAJ	10
SSNUvb8AAAAJ	JwQWFLkAAAAJ	2
owqUYWMAAAAJ	bsotxTgAAAAJ	8
fAxws1sAAAAJ	LDb4tb0AAAAJ	2
SjjIQ24AAAAJ	DWKoeW0AAAAJ	1
g_JVzmIAAAAJ	mFPXD90AAAAJ	1
oVygx30AAAAJ	0jtFgaAAAAAJ	20
lf9ZK78AAAAJ	WZ0030cAAAAJ	23
1qqf7D0AAAAJ	9ADkQMAAAAAJ	2
CWj6pVcAAAAJ	BDZ2z6YAAAAJ	2
qC7oNRUAAAAJ	jTzDAsIAAAAJ	3
rnBRPpQAAAAJ	33CH6WUAAAAJ	5
SjjIQ24AAAAJ	DZ3S--MAAAAJ	17
6qDjHUAAAAAJ	Viv2E9AAAAAJ	2
L9dwKyUAAAAJ	gyL3CZ0AAAAJ	1
_HYCqwkAAAAJ	HUxQ1TAAAAAJ	3
Nq_T4UwAAAAJ	wSPgTVwAAAAJ	1
WrnEVwQAAAAJ	HleefHQAAAAJ	1
Pi012CQAAAAJ	G7D5O-0AAAAJ	4
jDKM_4AAAAAJ	1qqf7D0AAAAJ	1
yvvjnhIAAAAJ	tCq7Wx0AAAAJ	2
HleefHQAAAAJ	FreXC9IAAAAJ	2
UYZGdYwAAAAJ	2X6fAZgAAAAJ	1
7QbSKnMAAAAJ	P5eWdgsAAAAJ	3
w4_W1PkAAAAJ	ggKzpqIAAAAJ	10
Qf4bw4UAAAAJ	07ds-DAAAAAJ	2
Cgx9W6UAAAAJ	07ds-DAAAAAJ	1
yxUduqMAAAAJ	GUAoEcAAAAAJ	1
jTzDAsIAAAAJ	6qfyAZQAAAAJ	6
jTzDAsIAAAAJ	_4i-G3YAAAAJ	1
amDW89cAAAAJ	UcbMN8QAAAAJ	1
l9UHHYgAAAAJ	0-tewh8AAAAJ	14
UnDfo6sAAAAJ	jtOKGpIAAAAJ	1
p0tQZiAAAAAJ	YhFEmpMAAAAJ	7
wY-Wy6IAAAAJ	G8GezxgAAAAJ	1
Qf4bw4UAAAAJ	JSFmVQEAAAAJ	1
gyL3CZ0AAAAJ	JsK4KpMAAAAJ	2
n-Oret4AAAAJ	hc1m_BQAAAAJ	1
8rw_o7UAAAAJ	dewEBisAAAAJ	3
p_QR9RUAAAAJ	nfeNsaoAAAAJ	19
3-y3qmkAAAAJ	WZ0030cAAAAJ	10
2VMMsmsAAAAJ	8rw_o7UAAAAJ	2
zZO9qG4AAAAJ	db9WLdcAAAAJ	7
PafZ2Z4AAAAJ	SBVuIBwAAAAJ	1
bh-uRFMAAAAJ	yxUduqMAAAAJ	1
0zZnyMEAAAAJ	KgZxzjsAAAAJ	1
ojH7GEgAAAAJ	cA28Zs0AAAAJ	1
upREfesAAAAJ	P5eWdgsAAAAJ	15
-cuxoSQAAAAJ	forPRN8AAAAJ	5
pWQGJWEAAAAJ	YhFEmpMAAAAJ	5
5V852JcAAAAJ	GUAoEcAAAAAJ	1
PfgeYGwAAAAJ	-DVbMb4AAAAJ	1
JJ31S6UAAAAJ	uVBjUtAAAAAJ	1
bOKmjf8AAAAJ	3DtMaPEAAAAJ	1
vHsgntwAAAAJ	0-tewh8AAAAJ	41
CWj6pVcAAAAJ	HUxQ1TAAAAAJ	17
JJ31S6UAAAAJ	toODfV4AAAAJ	13
0zZnyMEAAAAJ	nM77MX0AAAAJ	4
Qp5971IAAAAJ	HRSDO6IAAAAJ	2
_QU1opsAAAAJ	TZRFXM8AAAAJ	2
fzSHXS8AAAAJ	nKVDcQoAAAAJ	1
cuEHP_IAAAAJ	0YxIvbEAAAAJ	2
6nuM6rcAAAAJ	IksW07MAAAAJ	6
HM7WbsgAAAAJ	HGTDp1UAAAAJ	7
G7D5O-0AAAAJ	XzBeCwIAAAAJ	4
NByrsK0AAAAJ	CYwffSUAAAAJ	9
CUkAtC4AAAAJ	w_lm_toAAAAJ	3
aLOSzWwAAAAJ	DZ3S--MAAAAJ	1
WZ-h67UAAAAJ	M3he9Y8AAAAJ	1
KgZxzjsAAAAJ	yxUduqMAAAAJ	1
upREfesAAAAJ	MC6suuAAAAAJ	6
0v5utcwAAAAJ	oizZKrsAAAAJ	6
NByrsK0AAAAJ	tCq7Wx0AAAAJ	20
Q29WmWwAAAAJ	C2lVQO8AAAAJ	1
cA28Zs0AAAAJ	2pW1g5IAAAAJ	1
M3he9Y8AAAAJ	tLrQhzIAAAAJ	1
Q5KT-hEAAAAJ	Dl0vAp8AAAAJ	6
8Kk2MugAAAAJ	upREfesAAAAJ	19
yepPD_cAAAAJ	VDhnOHEAAAAJ	3
HM7WbsgAAAAJ	G8GezxgAAAAJ	10
F2jhvIoAAAAJ	Ay_j7dUAAAAJ	13
cilyP7wAAAAJ	6yoY1d8AAAAJ	5
MYqlcPgAAAAJ	FEj19lcAAAAJ	1
0v5utcwAAAAJ	9xDADY4AAAAJ	1
GlBl-VUAAAAJ	5HX--AYAAAAJ	1
ggKzpqIAAAAJ	XLU7AuYAAAAJ	1
XgifkSsAAAAJ	ptI-HHkAAAAJ	3
8VfMkGsAAAAJ	F2jhvIoAAAAJ	5
Q29WmWwAAAAJ	0RPdShUAAAAJ	5
g_JVzmIAAAAJ	SyQ-T8cAAAAJ	4
HgaNy9kAAAAJ	OQ4t3U4AAAAJ	1
LiLwnssAAAAJ	j9EXF1AAAAAJ	14
WKzKz9gAAAAJ	Viv2E9AAAAAJ	1
yepPD_cAAAAJ	H4TdGyYAAAAJ	2
36SCzI0AAAAJ	3xlmctcAAAAJ	21
HM7WbsgAAAAJ	LWAFHkEAAAAJ	30
DYZsiAIAAAAJ	PafZ2Z4AAAAJ	1
bh-uRFMAAAAJ	gUEkPQEAAAAJ	1
10iNskYAAAAJ	y3_tUqsAAAAJ	1
gWBoNCsAAAAJ	W362rUwAAAAJ	8
vXHA_XYAAAAJ	3-y3qmkAAAAJ	4
tyYtUNIAAAAJ	amDW89cAAAAJ	4
Z_jPrx8AAAAJ	BkygZFsAAAAJ	1
4bHLr_IAAAAJ	E1knViwAAAAJ	1
F2jhvIoAAAAJ	BzzEEc0AAAAJ	2
UnDfo6sAAAAJ	ZOh4TtIAAAAJ	16
VP-d_2gAAAAJ	h9Tji70AAAAJ	6
tiFit0cAAAAJ	OQ4t3U4AAAAJ	7
n-Oret4AAAAJ	UcpEexUAAAAJ	1
Qf4bw4UAAAAJ	FtbGhBQAAAAJ	2
54w2_AcAAAAJ	_tCANFgAAAAJ	3
3ekS0ucAAAAJ	nKVDcQoAAAAJ	5
VP-d_2gAAAAJ	HUxQ1TAAAAAJ	19
cPmMoXoAAAAJ	db9WLdcAAAAJ	1
0v5utcwAAAAJ	aN4IwM4AAAAJ	2
_QU1opsAAAAJ	8ZtyZjAAAAAJ	1
F2jhvIoAAAAJ	1o_wrqsAAAAJ	1
4K7L-eAAAAAJ	cPmMoXoAAAAJ	4
upREfesAAAAJ	3oPjTK4AAAAJ	8
MYqlcPgAAAAJ	Qf4bw4UAAAAJ	1
LWAFHkEAAAAJ	y3_tUqsAAAAJ	18
Cgx9W6UAAAAJ	hmq4rGIAAAAJ	1
8GA4R2wAAAAJ	KgZxzjsAAAAJ	2
JwQWFLkAAAAJ	ggKzpqIAAAAJ	10
pxp6lUEAAAAJ	L9dwKyUAAAAJ	1
XgifkSsAAAAJ	UruIct4AAAAJ	3
qC7oNRUAAAAJ	E1jnOcUAAAAJ	5
ghPIMpgAAAAJ	DLVFrFAAAAAJ	3
UruIct4AAAAJ	-0LFOnYAAAAJ	3
4K7L-eAAAAAJ	UcpEexUAAAAJ	6
rynvwScAAAAJ	8kA3eDwAAAAJ	7
HgaNy9kAAAAJ	iNANm-sAAAAJ	4
jsxk8vsAAAAJ	bNkvbPMAAAAJ	2
p0tQZiAAAAAJ	v0GIoEgAAAAJ	1
I1RqBRoAAAAJ	6gWs-scAAAAJ	3
CUkAtC4AAAAJ	Zc6X700AAAAJ	2
g_JVzmIAAAAJ	LwNkL3cAAAAJ	7
o_a5zckAAAAJ	9TpPcjoAAAAJ	5
pWQGJWEAAAAJ	UcbMN8QAAAAJ	2
KQm_HnIAAAAJ	M6urChQAAAAJ	1
8iQk0DIAAAAJ	ptI-HHkAAAAJ	6
qVKYugIAAAAJ	g_c8sA0AAAAJ	3
0v5utcwAAAAJ	0zZnyMEAAAAJ	1
M9RDPB0AAAAJ	uVBjUtAAAAAJ	1
Hzb4ZWEAAAAJ	5QYkLKoAAAAJ	1
-N-_kgsAAAAJ	Cgx9W6UAAAAJ	1
c7reUlAAAAAJ	nfeNsaoAAAAJ	24
3hrNqygAAAAJ	3JRh4RUAAAAJ	7
9xDADY4AAAAJ	1c5IZ0QAAAAJ	4
cza7nLcAAAAJ	nKVDcQoAAAAJ	1
tHNXlAYAAAAJ	AQG8WlcAAAAJ	1
PMjIXFIAAAAJ	xjvr4yEAAAAJ	2
CUkAtC4AAAAJ	6nuM6rcAAAAJ	3
cA28Zs0AAAAJ	2OJOZTUAAAAJ	5
tWbKlfMAAAAJ	5P3knO0AAAAJ	1
tpoh43QAAAAJ	BAdQpFkAAAAJ	2
Q_4d9N0AAAAJ	XM97iScAAAAJ	1
LWAFHkEAAAAJ	tLrQhzIAAAAJ	2
WwadVmIAAAAJ	OQ4t3U4AAAAJ	15
mZxsTCcAAAAJ	WH2KmRgAAAAJ	1
tpoh43QAAAAJ	YOVZiJkAAAAJ	1
GlBl-VUAAAAJ	N_Z79YgAAAAJ	1
g9yhtN8AAAAJ	c8LH7zUAAAAJ	11
0WVyaVMAAAAJ	cb5JccEAAAAJ	7
kI5JKs8AAAAJ	uBbYp8gAAAAJ	1
GlBl-VUAAAAJ	DLVFrFAAAAAJ	2
ZVMcyxYAAAAJ	CUkAtC4AAAAJ	2
5_2_THUAAAAJ	iSq5G8cAAAAJ	1
T1P0XnIAAAAJ	GBGCjpQAAAAJ	9
bNkvbPMAAAAJ	xPoCswkAAAAJ	10
WxJIpkcAAAAJ	8VfMkGsAAAAJ	21
BDZ2z6YAAAAJ	HUxQ1TAAAAAJ	7
Q29WmWwAAAAJ	VDhnOHEAAAAJ	12
_D5W9yUAAAAJ	DLVFrFAAAAAJ	3
bWOQjSIAAAAJ	eEdKpQgAAAAJ	2
JepH3ckAAAAJ	oizZKrsAAAAJ	1
DWKoeW0AAAAJ	DZ3S--MAAAAJ	1
n-Oret4AAAAJ	GUAoEcAAAAAJ	1
-WVPmUkAAAAJ	ln3BGqgAAAAJ	6
M3he9Y8AAAAJ	j9EXF1AAAAAJ	4
yepPD_cAAAAJ	MjoZWO8AAAAJ	2
oRlrVsAAAAAJ	5_2_THUAAAAJ	10
8GA4R2wAAAAJ	tCq7Wx0AAAAJ	8
54w2_AcAAAAJ	UYZGdYwAAAAJ	5
36SCzI0AAAAJ	JsK4KpMAAAAJ	9
ojH7GEgAAAAJ	G7D5O-0AAAAJ	1
nxuhv0wAAAAJ	YOVZiJkAAAAJ	1
cA28Zs0AAAAJ	Qf4bw4UAAAAJ	1
NByrsK0AAAAJ	kR7DersAAAAJ	8
fzSHXS8AAAAJ	3qYUSDwAAAAJ	2
dHXCX-sAAAAJ	YOVZiJkAAAAJ	10
yvvjnhIAAAAJ	8GA4R2wAAAAJ	50
rr944LsAAAAJ	JwQWFLkAAAAJ	1
Ay_j7dUAAAAJ	88L1-JYAAAAJ	1
oz_MXbIAAAAJ	HUxQ1TAAAAAJ	7
tCq7Wx0AAAAJ	enpgnuQAAAAJ	1
YOZbkCEAAAAJ	pHox8i0AAAAJ	1
qC7oNRUAAAAJ	mlw_NjoAAAAJ	7
s4yZTp4AAAAJ	Rt1a5-6vh4UC	1
E1jnOcUAAAAJ	33CH6WUAAAAJ	11
WL8igVEAAAAJ	Kv9AbjMAAAAJ	1
30pCSfEAAAAJ	ZRrTqs8AAAAJ	7
WRlzk3UAAAAJ	V0XEUMAAAAAJ	1
ghPIMpgAAAAJ	N_Z79YgAAAAJ	2
UnDfo6sAAAAJ	XLU7AuYAAAAJ	1
rr944LsAAAAJ	p0tQZiAAAAAJ	4
No-GJRQAAAAJ	1o_wrqsAAAAJ	1
8iQk0DIAAAAJ	q92q8SMAAAAJ	2
jTzDAsIAAAAJ	KQm_HnIAAAAJ	1
JJ31S6UAAAAJ	ZwBxbEUAAAAJ	5
0RPdShUAAAAJ	MjoZWO8AAAAJ	1
xEFh0AgAAAAJ	JsK4KpMAAAAJ	2
Q_4d9N0AAAAJ	H7vcwSAAAAAJ	1
8iQk0DIAAAAJ	UruIct4AAAAJ	1
_U9bzEAAAAAJ	bHm5I5sAAAAJ	4
aTpJ0fcAAAAJ	L9dwKyUAAAAJ	1
oN85b_gAAAAJ	l9QQeHgAAAAJ	20
NFmCFlsAAAAJ	AlGQ8ZEAAAAJ	24
s4oOVCsAAAAJ	fAw_t5EAAAAJ	1
p_QR9RUAAAAJ	rQ8F7rIAAAAJ	39
-N-_kgsAAAAJ	SqMUez0AAAAJ	16
Kf97-EkAAAAJ	ptI-HHkAAAAJ	1
L-pC28sAAAAJ	1o_wrqsAAAAJ	2
g_JVzmIAAAAJ	VIwGymEAAAAJ	27
-0LFOnYAAAAJ	-DVbMb4AAAAJ	1
HGTDp1UAAAAJ	4PzSxEMAAAAJ	6
YCZYhF8AAAAJ	g_c8sA0AAAAJ	3
yQXfAWMAAAAJ	n6wC7nwAAAAJ	1
cGCalUQAAAAJ	36SCzI0AAAAJ	9
tpoh43QAAAAJ	8Qu_gAMAAAAJ	1
l9UHHYgAAAAJ	HUxQ1TAAAAAJ	1
Kf97-EkAAAAJ	qXb4xQMAAAAJ	13
bsotxTgAAAAJ	N_Z79YgAAAAJ	1
PLKoRXsAAAAJ	M6QwrLAAAAAJ	4
2X6fAZgAAAAJ	hc1m_BQAAAAJ	6
qC7oNRUAAAAJ	qPlUgrgAAAAJ	1
MYFF5l4AAAAJ	p_QR9RUAAAAJ	9
L9dwKyUAAAAJ	VdzVqCwAAAAJ	4
CWj6pVcAAAAJ	0-tewh8AAAAJ	25
MYFF5l4AAAAJ	rQ8F7rIAAAAJ	9
yQXfAWMAAAAJ	NByrsK0AAAAJ	1
n-Oret4AAAAJ	KgZxzjsAAAAJ	1
g_JVzmIAAAAJ	M9RDPB0AAAAJ	1
Qf4bw4UAAAAJ	Cgx9W6UAAAAJ	2
3L2Ih0wAAAAJ	JsK4KpMAAAAJ	2
6k7bp8IAAAAJ	pT7rjkQAAAAJ	2
s2o3_90AAAAJ	0YxIvbEAAAAJ	1
chP1Vc0AAAAJ	nKVDcQoAAAAJ	9
G8GezxgAAAAJ	c7reUlAAAAAJ	12
q4FqPgYAAAAJ	4PzSxEMAAAAJ	2
0v5utcwAAAAJ	jXTZEw4AAAAJ	1
HRSDO6IAAAAJ	Q5KT-hEAAAAJ	1
WwadVmIAAAAJ	SRUYLREAAAAJ	1
p_QR9RUAAAAJ	XqI4gAYAAAAJ	14
CUkAtC4AAAAJ	iTNcAakAAAAJ	13
dHXCX-sAAAAJ	BAdQpFkAAAAJ	4
tCq7Wx0AAAAJ	qPlUgrgAAAAJ	2
pkjoANMAAAAJ	Cgx9W6UAAAAJ	1
PIIoaKMAAAAJ	_X-PrRkAAAAJ	2
ln3BGqgAAAAJ	ymDJ6oIAAAAJ	1
KgZxzjsAAAAJ	qPlUgrgAAAAJ	3
zZO9qG4AAAAJ	O-QzGusAAAAJ	1
CYwffSUAAAAJ	W362rUwAAAAJ	3
wY-Wy6IAAAAJ	E0nK44AAAAAJ	3
qC7oNRUAAAAJ	qk0hejcAAAAJ	8
tLrQhzIAAAAJ	c7reUlAAAAAJ	2
WrnEVwQAAAAJ	DqCFHY8AAAAJ	1
cO2uYoAAAAAJ	vXHA_XYAAAAJ	1
YOZbkCEAAAAJ	cA28Zs0AAAAJ	1
nk3OcBoAAAAJ	uVBjUtAAAAAJ	1
fAxws1sAAAAJ	zfTbkBkAAAAJ	1
d9f_YvcAAAAJ	tCq7Wx0AAAAJ	14
aLOSzWwAAAAJ	4VJre9IAAAAJ	2
VGoSakQAAAAJ	CPqBDqUAAAAJ	2
9s9o-JcAAAAJ	wY-Wy6IAAAAJ	1
54w2_AcAAAAJ	3DtMaPEAAAAJ	6
g9yhtN8AAAAJ	fkftQJAAAAAJ	2
mIZu9oQAAAAJ	4VJre9IAAAAJ	1
hc1m_BQAAAAJ	pHox8i0AAAAJ	3
QRyCQq4AAAAJ	Qf4bw4UAAAAJ	1
0nOfuMgAAAAJ	4bHLr_IAAAAJ	1
WHZiLTIAAAAJ	BAdQpFkAAAAJ	1
nfeNsaoAAAAJ	4PzSxEMAAAAJ	19
gyL3CZ0AAAAJ	nKVDcQoAAAAJ	1
VGoSakQAAAAJ	T_r8IWQAAAAJ	1
kI5JKs8AAAAJ	88L1-JYAAAAJ	10
Nq_T4UwAAAAJ	YJVAXCwAAAAJ	1
bWOQjSIAAAAJ	I2PP9XoAAAAJ	5
c7reUlAAAAAJ	4PzSxEMAAAAJ	33
NHZdlVkAAAAJ	ptI-HHkAAAAJ	1
BAdQpFkAAAAJ	2YZITOgAAAAJ	6
v5q00U8AAAAJ	ggKzpqIAAAAJ	4
rQ8F7rIAAAAJ	z17wdcsAAAAJ	12
ftAplLUAAAAJ	cmedVkoAAAAJ	1
PIIoaKMAAAAJ	ln3BGqgAAAAJ	2
oRlrVsAAAAAJ	iSq5G8cAAAAJ	2
X6vPtQEAAAAJ	vHN9guYAAAAJ	14
l9UHHYgAAAAJ	oz_MXbIAAAAJ	11
nfeNsaoAAAAJ	y3_tUqsAAAAJ	4
v4s6ll8AAAAJ	JsK4KpMAAAAJ	2
UK-VpDoAAAAJ	qq-SXN8AAAAJ	1
upREfesAAAAJ	BECu7wYAAAAJ	3
8iQk0DIAAAAJ	YRPveMcAAAAJ	8
8VfMkGsAAAAJ	Ay_j7dUAAAAJ	3
UnDfo6sAAAAJ	9ADkQMAAAAAJ	1
CUkAtC4AAAAJ	QY-earAAAAAJ	5
c8LH7zUAAAAJ	XeYCNAwAAAAJ	2
-cuxoSQAAAAJ	9ADkQMAAAAAJ	1
GhpkHDAAAAAJ	tdfS7TwAAAAJ	1
oSFVC3MAAAAJ	ZmiirIwAAAAJ	1
L1y8y2MAAAAJ	gy4UVGcAAAAJ	2
mIZu9oQAAAAJ	KQm_HnIAAAAJ	1
4K7L-eAAAAAJ	2A6PMfEAAAAJ	52
BzzEEc0AAAAJ	Ay_j7dUAAAAJ	1
fAw_t5EAAAAJ	G7D5O-0AAAAJ	4
_TxappgAAAAJ	YhFEmpMAAAAJ	1
MC6suuAAAAAJ	n7HDm44AAAAJ	4
WwadVmIAAAAJ	Ay_j7dUAAAAJ	28
MO3BwFMAAAAJ	UcbMN8QAAAAJ	1
TWXJxcAAAAAJ	Rt1a5-6vh4UC	2
PMjIXFIAAAAJ	pT7rjkQAAAAJ	2
xPoCswkAAAAJ	JsK4KpMAAAAJ	5
fAxws1sAAAAJ	JsK4KpMAAAAJ	2
2OJOZTUAAAAJ	Kv9AbjMAAAAJ	2
SqMUez0AAAAJ	rnR3JrYAAAAJ	8
cb5JccEAAAAJ	iBgmo3sAAAAJ	2
UeG5w08AAAAJ	iTNcAakAAAAJ	1
jDKM_4AAAAAJ	XLU7AuYAAAAJ	1
DYZsiAIAAAAJ	--VLCRoAAAAJ	1
J12C3nYAAAAJ	M6urChQAAAAJ	1
p_QR9RUAAAAJ	LWAFHkEAAAAJ	33
3HjjRz8AAAAJ	YhFEmpMAAAAJ	1
Z03FLwkAAAAJ	c8LH7zUAAAAJ	2
_X-PrRkAAAAJ	0HhpXIwAAAAJ	2
3HjjRz8AAAAJ	ggKzpqIAAAAJ	3
ojH7GEgAAAAJ	mIZu9oQAAAAJ	1
jDKM_4AAAAAJ	eYVXgAoAAAAJ	1
c7reUlAAAAAJ	q4FqPgYAAAAJ	3
FVsf9rkAAAAJ	VdzVqCwAAAAJ	14
g9yhtN8AAAAJ	DSiNzkIAAAAJ	1
tLrQhzIAAAAJ	4PzSxEMAAAAJ	2
PafZ2Z4AAAAJ	AsMU1QsAAAAJ	3
jsxk8vsAAAAJ	NByrsK0AAAAJ	4
mIZu9oQAAAAJ	ZRrTqs8AAAAJ	1
DqCFHY8AAAAJ	_cFhtU4AAAAJ	1
rr944LsAAAAJ	YhFEmpMAAAAJ	10
8GA4R2wAAAAJ	G7D5O-0AAAAJ	5
0zZnyMEAAAAJ	yxUduqMAAAAJ	1
8_Yj_RwAAAAJ	vm1u2DEAAAAJ	1
mlw_NjoAAAAJ	qk0hejcAAAAJ	6
-6maX04AAAAJ	M9RDPB0AAAAJ	9
OJ2WdXAAAAAJ	iBbfPfUAAAAJ	6
DqCFHY8AAAAJ	8Qu_gAMAAAAJ	1
55pOyCkAAAAJ	VjETp_wAAAAJ	2
SRUYLREAAAAJ	bnmsbZkAAAAJ	1
mhTBmDkAAAAJ	Cgx9W6UAAAAJ	2
0nOfuMgAAAAJ	DLVFrFAAAAAJ	1
mlw_NjoAAAAJ	FlZ-5sMAAAAJ	3
0YxIvbEAAAAJ	YJVAXCwAAAAJ	1
oN85b_gAAAAJ	0jtFgaAAAAAJ	7
n-Oret4AAAAJ	5V852JcAAAAJ	1
ggKzpqIAAAAJ	M6QwrLAAAAAJ	4
10iNskYAAAAJ	4PzSxEMAAAAJ	3
CYwffSUAAAAJ	G7D5O-0AAAAJ	3
NHZdlVkAAAAJ	Kf97-EkAAAAJ	1
NHZdlVkAAAAJ	8GA4R2wAAAAJ	6
YOZbkCEAAAAJ	4VJre9IAAAAJ	1
SqMUez0AAAAJ	Cgx9W6UAAAAJ	1
0v5utcwAAAAJ	1c5IZ0QAAAAJ	1
Q29WmWwAAAAJ	yepPD_cAAAAJ	5
jTzDAsIAAAAJ	M6urChQAAAAJ	1
NByrsK0AAAAJ	Kv9AbjMAAAAJ	1
3HjjRz8AAAAJ	pWQGJWEAAAAJ	1
bWOQjSIAAAAJ	oSFVC3MAAAAJ	2
kI5JKs8AAAAJ	toODfV4AAAAJ	1
W362rUwAAAAJ	fAw_t5EAAAAJ	4
pWQGJWEAAAAJ	_TxappgAAAAJ	1
0nOfuMgAAAAJ	ZflJqeUAAAAJ	1
ojH7GEgAAAAJ	tCq7Wx0AAAAJ	1
04aoCmQAAAAJ	zZO9qG4AAAAJ	15
-goooIUAAAAJ	WwadVmIAAAAJ	1
p_QR9RUAAAAJ	4PzSxEMAAAAJ	30
M6urChQAAAAJ	33CH6WUAAAAJ	2
z17wdcsAAAAJ	jR3NLMsAAAAJ	12
t4rXchwAAAAJ	tpoh43QAAAAJ	5
Qf4bw4UAAAAJ	GUAoEcAAAAAJ	6
p0tQZiAAAAAJ	YbSq5T0AAAAJ	1
XqI4gAYAAAAJ	4PzSxEMAAAAJ	14
p_QR9RUAAAAJ	c7reUlAAAAAJ	32
Z03FLwkAAAAJ	lnC1vbAAAAAJ	2
Kf97-EkAAAAJ	KgZxzjsAAAAJ	1
qrHidmsAAAAJ	AsMU1QsAAAAJ	67
sWCpXFgAAAAJ	uBbYp8gAAAAJ	1
nM77MX0AAAAJ	3qYUSDwAAAAJ	1
oRlrVsAAAAAJ	NSCF6GUAAAAJ	3
jDKM_4AAAAAJ	AsMU1QsAAAAJ	2
gfpmAkQAAAAJ	oRlrVsAAAAAJ	1
4VJre9IAAAAJ	rnBRPpQAAAAJ	1
PIIoaKMAAAAJ	e49cxvUAAAAJ	2
DLVFrFAAAAAJ	ZflJqeUAAAAJ	21
GbLB9aAAAAAJ	eYVXgAoAAAAJ	2
oizZKrsAAAAJ	bh-uRFMAAAAJ	4
upREfesAAAAJ	VspDmN8AAAAJ	9
10iNskYAAAAJ	BIpt-3MAAAAJ	1
3ekS0ucAAAAJ	3qYUSDwAAAAJ	5
mgva3UgAAAAJ	DWKoeW0AAAAJ	3
_X-PrRkAAAAJ	ln3BGqgAAAAJ	7
upREfesAAAAJ	7QbSKnMAAAAJ	7
DWKoeW0AAAAJ	FEj19lcAAAAJ	4
b9Bod2MAAAAJ	klpr-t0AAAAJ	1
b9Bod2MAAAAJ	bnmsbZkAAAAJ	1
--VLCRoAAAAJ	forPRN8AAAAJ	4
NHZdlVkAAAAJ	qPlUgrgAAAAJ	1
ZqTie5sAAAAJ	w_lm_toAAAAJ	3
UnDfo6sAAAAJ	Z_jPrx8AAAAJ	1
UnDfo6sAAAAJ	--VLCRoAAAAJ	8
g9yhtN8AAAAJ	x8UnxSoAAAAJ	2
cA28Zs0AAAAJ	n6wC7nwAAAAJ	3
KBRHCEEAAAAJ	DWKoeW0AAAAJ	3
kSuuj6UAAAAJ	upREfesAAAAJ	8
b9Bod2MAAAAJ	fv1RjgEAAAAJ	1
j1uE6L0AAAAJ	WZ0030cAAAAJ	1
ggKzpqIAAAAJ	yC-70wMAAAAJ	2
HM7WbsgAAAAJ	nfeNsaoAAAAJ	19
rQ8F7rIAAAAJ	jR3NLMsAAAAJ	14
qC7oNRUAAAAJ	xjVBcr4AAAAJ	4
2Qlrv_cAAAAJ	qPlUgrgAAAAJ	1
JSFmVQEAAAAJ	HgaNy9kAAAAJ	1
iBbfPfUAAAAJ	wSPgTVwAAAAJ	4
L-pC28sAAAAJ	Ay_j7dUAAAAJ	6
mtB5szIAAAAJ	qrVndScAAAAJ	21
2VMMsmsAAAAJ	y3zG4z8AAAAJ	2
PMjIXFIAAAAJ	6k7bp8IAAAAJ	17
2pW1g5IAAAAJ	4VJre9IAAAAJ	1
GlBl-VUAAAAJ	4bHLr_IAAAAJ	31
No-GJRQAAAAJ	WwadVmIAAAAJ	6
qC7oNRUAAAAJ	_4i-G3YAAAAJ	6
5ZpsRswAAAAJ	olCWoa8AAAAJ	1
WwadVmIAAAAJ	BzzEEc0AAAAJ	5
No-GJRQAAAAJ	Ay_j7dUAAAAJ	2
2OJOZTUAAAAJ	HRSDO6IAAAAJ	5
gdD2E9QAAAAJ	XM97iScAAAAJ	5
zZO9qG4AAAAJ	2E448xEAAAAJ	2
d9f_YvcAAAAJ	G7D5O-0AAAAJ	4
g9yhtN8AAAAJ	53HX4X8AAAAJ	1
YOVZiJkAAAAJ	PEEpuNwAAAAJ	20
LWAFHkEAAAAJ	nfeNsaoAAAAJ	30
gWBoNCsAAAAJ	rE1Y8DoAAAAJ	1
pWQGJWEAAAAJ	M6QwrLAAAAAJ	4
L-pC28sAAAAJ	WwadVmIAAAAJ	13
ASf9Q04AAAAJ	3RV_GAwAAAAJ	1
WL8igVEAAAAJ	NByrsK0AAAAJ	5
jTzDAsIAAAAJ	33CH6WUAAAAJ	1
5ZpsRswAAAAJ	-iEm2rUAAAAJ	2
UruIct4AAAAJ	ptI-HHkAAAAJ	8
aLOSzWwAAAAJ	cPmMoXoAAAAJ	2
qC7oNRUAAAAJ	33CH6WUAAAAJ	1
upREfesAAAAJ	Z_jPrx8AAAAJ	1
2X6fAZgAAAAJ	MMuP6cMAAAAJ	2
bWOQjSIAAAAJ	55pOyCkAAAAJ	4
8Kk2MugAAAAJ	7QbSKnMAAAAJ	5
54w2_AcAAAAJ	bOKmjf8AAAAJ	4
66qppJsAAAAJ	JsK4KpMAAAAJ	1
2nmHOtoAAAAJ	6yoY1d8AAAAJ	11
54w2_AcAAAAJ	2X6fAZgAAAAJ	5
l9QQeHgAAAAJ	0jtFgaAAAAAJ	7
LiLwnssAAAAJ	WZ-h67UAAAAJ	2
owqUYWMAAAAJ	_QU1opsAAAAJ	4
ojH7GEgAAAAJ	qPlUgrgAAAAJ	25
VjETp_wAAAAJ	tyYtUNIAAAAJ	1
jtOKGpIAAAAJ	5P3knO0AAAAJ	1
kJ_03NMAAAAJ	fAw_t5EAAAAJ	17
SSNUvb8AAAAJ	ggKzpqIAAAAJ	5
L-pC28sAAAAJ	XfYRqF4AAAAJ	2
rynvwScAAAAJ	G5_VFfkAAAAJ	3
CWj6pVcAAAAJ	BLDtWVEAAAAJ	1
jsxk8vsAAAAJ	kR7DersAAAAJ	9
10iNskYAAAAJ	nfeNsaoAAAAJ	36
Zc6X700AAAAJ	IksW07MAAAAJ	9
8Kk2MugAAAAJ	OcAOpSUAAAAJ	3
3oPjTK4AAAAJ	MC6suuAAAAAJ	3
qoFYHTMAAAAJ	JSFmVQEAAAAJ	1
_VsL6mAAAAAJ	lELCubQAAAAJ	1
ggKzpqIAAAAJ	p0tQZiAAAAAJ	12
H4TdGyYAAAAJ	z8NwFvcAAAAJ	4
A4D_M_EAAAAJ	tyYtUNIAAAAJ	1
GUAoEcAAAAAJ	hmq4rGIAAAAJ	1
aTpJ0fcAAAAJ	cuEHP_IAAAAJ	1
NByrsK0AAAAJ	G7D5O-0AAAAJ	1
LwNkL3cAAAAJ	-6maX04AAAAJ	1
HRSDO6IAAAAJ	Dl0vAp8AAAAJ	1
yepPD_cAAAAJ	0RPdShUAAAAJ	2
V1Qym88AAAAJ	f9iP-80AAAAJ	1
PLKoRXsAAAAJ	ggKzpqIAAAAJ	14
nM77MX0AAAAJ	MCClSvsAAAAJ	14
MYFF5l4AAAAJ	jR3NLMsAAAAJ	6
vuKTnnsAAAAJ	0pp-L_IAAAAJ	1
8Kk2MugAAAAJ	rRBwhFwAAAAJ	7
VspDmN8AAAAJ	rRBwhFwAAAAJ	8
fzSHXS8AAAAJ	nM77MX0AAAAJ	17
NFmCFlsAAAAJ	9PVNjbgAAAAJ	2
YtFi-KkAAAAJ	CWj6pVcAAAAJ	1
cPmMoXoAAAAJ	DSiNzkIAAAAJ	1
VdzVqCwAAAAJ	3kp_a7EAAAAJ	1
cuEHP_IAAAAJ	s2o3_90AAAAJ	1
PLKoRXsAAAAJ	UcbMN8QAAAAJ	1
Z03FLwkAAAAJ	V1Qym88AAAAJ	1
p_QR9RUAAAAJ	jR3NLMsAAAAJ	11
TOAnGa8AAAAJ	ycVm-gkAAAAJ	2
cWPJoXkAAAAJ	iBgmo3sAAAAJ	4
YAgmYI8AAAAJ	DSiNzkIAAAAJ	1
cGCalUQAAAAJ	3xlmctcAAAAJ	3
xjvr4yEAAAAJ	lELCubQAAAAJ	4
f3dhjoYAAAAJ	Z_jPrx8AAAAJ	30
W2XJUmUAAAAJ	LDb4tb0AAAAJ	6
_TxappgAAAAJ	p0tQZiAAAAAJ	1
6_oL_9IAAAAJ	nM77MX0AAAAJ	3
0nOfuMgAAAAJ	_D5W9yUAAAAJ	1
C2lVQO8AAAAJ	H4TdGyYAAAAJ	2
ptI-HHkAAAAJ	q92q8SMAAAAJ	4
8Kk2MugAAAAJ	n7HDm44AAAAJ	6
f2x233wAAAAJ	HgaNy9kAAAAJ	1
6GB1kv8AAAAJ	p_QR9RUAAAAJ	3
0pp-L_IAAAAJ	CcSZwTsAAAAJ	1
gIqECGgAAAAJ	x8UnxSoAAAAJ	2
Q29WmWwAAAAJ	H4TdGyYAAAAJ	4
vME86a4AAAAJ	dMVI-XIAAAAJ	10
cGCalUQAAAAJ	QgGaAdsAAAAJ	2
M6QwrLAAAAAJ	p0tQZiAAAAAJ	4
-cuxoSQAAAAJ	--VLCRoAAAAJ	7
ojH7GEgAAAAJ	mlw_NjoAAAAJ	1
xWnnHzYAAAAJ	FWjqglcAAAAJ	1
azcMaLoAAAAJ	GUAoEcAAAAAJ	1
BAdQpFkAAAAJ	YOVZiJkAAAAJ	16
hiGGy0kAAAAJ	Cgx9W6UAAAAJ	2
xITAf6EAAAAJ	FlZ-5sMAAAAJ	7
aTpJ0fcAAAAJ	M9RDPB0AAAAJ	1
yvvjnhIAAAAJ	rnBRPpQAAAAJ	1
4VJre9IAAAAJ	KgZxzjsAAAAJ	1
NHZdlVkAAAAJ	yvvjnhIAAAAJ	2
I1RqBRoAAAAJ	_C33NmEAAAAJ	5
VMFWEMcAAAAJ	fAw_t5EAAAAJ	2
g9yhtN8AAAAJ	XeYCNAwAAAAJ	27
MYFF5l4AAAAJ	M5_wxAkAAAAJ	9
HM7WbsgAAAAJ	GN3C9q4AAAAJ	1
10iNskYAAAAJ	XqI4gAYAAAAJ	4
GlBl-VUAAAAJ	1guy5W4AAAAJ	1
FWjqglcAAAAJ	H4TdGyYAAAAJ	8
jsxk8vsAAAAJ	xPoCswkAAAAJ	2
xPoCswkAAAAJ	uVBjUtAAAAAJ	1
klpr-t0AAAAJ	OQ4t3U4AAAAJ	1
1qqf7D0AAAAJ	hs5358sAAAAJ	1
O-QzGusAAAAJ	UcpEexUAAAAJ	1
eEdKpQgAAAAJ	oSFVC3MAAAAJ	28
XLU7AuYAAAAJ	9ADkQMAAAAAJ	1
XqI4gAYAAAAJ	nfeNsaoAAAAJ	15
vuKTnnsAAAAJ	NByrsK0AAAAJ	8
qrHidmsAAAAJ	1qqf7D0AAAAJ	3
4tcxRqMAAAAJ	nngRAEYAAAAJ	1
rnBRPpQAAAAJ	G7D5O-0AAAAJ	1
rLSUeLsAAAAJ	X6vPtQEAAAAJ	1
j7uL6VEAAAAJ	oizZKrsAAAAJ	2
runT3RsAAAAJ	oVygx30AAAAJ	21
HlxqS1MAAAAJ	QgGaAdsAAAAJ	1
GhpkHDAAAAAJ	lELCubQAAAAJ	1
FBR3XoEAAAAJ	_QU1opsAAAAJ	1
xxIrRjcAAAAJ	8KbzXvoAAAAJ	11
toODfV4AAAAJ	DPZuUtIAAAAJ	6
h9Tji70AAAAJ	0-tewh8AAAAJ	4
tCq7Wx0AAAAJ	88L1-JYAAAAJ	6
WwadVmIAAAAJ	eYVXgAoAAAAJ	1
--VLCRoAAAAJ	loPUpHQAAAAJ	13
ZOh4TtIAAAAJ	loPUpHQAAAAJ	2
Icl5BnYAAAAJ	nngRAEYAAAAJ	1
8_Yj_RwAAAAJ	9TpPcjoAAAAJ	15
bOKmjf8AAAAJ	07ds-DAAAAAJ	1
iBgmo3sAAAAJ	GRoULwcAAAAJ	3
aTpJ0fcAAAAJ	pxp6lUEAAAAJ	1
JsK4KpMAAAAJ	3xlmctcAAAAJ	3
54w2_AcAAAAJ	IIhYQ7oAAAAJ	3
mlw_NjoAAAAJ	xITAf6EAAAAJ	17
zfTbkBkAAAAJ	JsK4KpMAAAAJ	3
VdzVqCwAAAAJ	HlxqS1MAAAAJ	3
33CH6WUAAAAJ	ZRrTqs8AAAAJ	13
3-y3qmkAAAAJ	j1uE6L0AAAAJ	1
runT3RsAAAAJ	0jtFgaAAAAAJ	24
4xHzvxkAAAAJ	pHox8i0AAAAJ	1
X6vPtQEAAAAJ	j9EXF1AAAAAJ	14
2pW1g5IAAAAJ	gUEkPQEAAAAJ	8
tCq7Wx0AAAAJ	hc1m_BQAAAAJ	1
7jKj_NcAAAAJ	3RV_GAwAAAAJ	2
klpr-t0AAAAJ	bnmsbZkAAAAJ	1
tCq7Wx0AAAAJ	uBbYp8gAAAAJ	11
ggKzpqIAAAAJ	v0GIoEgAAAAJ	8
w_lm_toAAAAJ	IksW07MAAAAJ	6
VspDmN8AAAAJ	7QbSKnMAAAAJ	1
bOKmjf8AAAAJ	MMuP6cMAAAAJ	1
forPRN8AAAAJ	5P3knO0AAAAJ	27
6qDjHUAAAAAJ	HgaNy9kAAAAJ	9
kSuuj6UAAAAJ	n7HDm44AAAAJ	6
H7vcwSAAAAAJ	8kA3eDwAAAAJ	1
GgKnNwEAAAAJ	FKbHXRUAAAAJ	1
nk3OcBoAAAAJ	5HX--AYAAAAJ	3
WL8igVEAAAAJ	rYsw7D4AAAAJ	1
GBGCjpQAAAAJ	MrVb9FkAAAAJ	24
FWjqglcAAAAJ	C2lVQO8AAAAJ	2
CUkAtC4AAAAJ	T1lNNLkAAAAJ	11
UcpEexUAAAAJ	db9WLdcAAAAJ	7
upREfesAAAAJ	n7HDm44AAAAJ	6
CUkAtC4AAAAJ	IksW07MAAAAJ	2
aN4IwM4AAAAJ	oizZKrsAAAAJ	3
Q29WmWwAAAAJ	FWjqglcAAAAJ	3
C4m8TSUAAAAJ	iSq5G8cAAAAJ	2
AsMU1QsAAAAJ	1qqf7D0AAAAJ	4
WZ-h67UAAAAJ	vHN9guYAAAAJ	5
olCWoa8AAAAJ	UcbMN8QAAAAJ	1
zZO9qG4AAAAJ	KgZxzjsAAAAJ	5
4tcxRqMAAAAJ	Icl5BnYAAAAJ	1
p_QR9RUAAAAJ	M5_wxAkAAAAJ	30
MYqlcPgAAAAJ	07ds-DAAAAAJ	1
PfgeYGwAAAAJ	-0LFOnYAAAAJ	1
G7D5O-0AAAAJ	88L1-JYAAAAJ	2
rr944LsAAAAJ	YbSq5T0AAAAJ	12
2nmHOtoAAAAJ	CcSZwTsAAAAJ	6
XqI4gAYAAAAJ	LWAFHkEAAAAJ	32
8iQk0DIAAAAJ	FDu4ciwAAAAJ	1
tIgxLTUAAAAJ	JsK4KpMAAAAJ	2
qC7oNRUAAAAJ	ZRrTqs8AAAAJ	10
L9dwKyUAAAAJ	N1vnxn4AAAAJ	1
8GA4R2wAAAAJ	83an8lYAAAAJ	7
3HjjRz8AAAAJ	YbSq5T0AAAAJ	3
CYwffSUAAAAJ	KQmFXsoAAAAJ	7
55pOyCkAAAAJ	iSq5G8cAAAAJ	3
QY-earAAAAAJ	f9iP-80AAAAJ	19
2nmHOtoAAAAJ	yxUduqMAAAAJ	1
db9WLdcAAAAJ	2A6PMfEAAAAJ	2
W362rUwAAAAJ	G7D5O-0AAAAJ	6
tdfS7TwAAAAJ	ocXMyBcAAAAJ	1
JwQWFLkAAAAJ	tyYtUNIAAAAJ	2
fzSHXS8AAAAJ	MCClSvsAAAAJ	18
ZhcSLWsAAAAJ	ZnvGMSIAAAAJ	1
_VsL6mAAAAAJ	xjvr4yEAAAAJ	3
FlZ-5sMAAAAJ	qk0hejcAAAAJ	5
10iNskYAAAAJ	LWAFHkEAAAAJ	4
YAgmYI8AAAAJ	nKVDcQoAAAAJ	1
8Kk2MugAAAAJ	3oPjTK4AAAAJ	4
nk3OcBoAAAAJ	2Zeqd3QAAAAJ	12
g9yhtN8AAAAJ	lnC1vbAAAAAJ	8
UnDfo6sAAAAJ	-cuxoSQAAAAJ	17
YCZYhF8AAAAJ	-DtKfGcAAAAJ	10
PafZ2Z4AAAAJ	qrHidmsAAAAJ	1
W_6Skd4AAAAJ	UcbMN8QAAAAJ	1
qC7oNRUAAAAJ	rnBRPpQAAAAJ	1
cuEHP_IAAAAJ	wSPgTVwAAAAJ	2
zZO9qG4AAAAJ	2A6PMfEAAAAJ	18
M6QwrLAAAAAJ	YhFEmpMAAAAJ	3
yC-70wMAAAAJ	amDW89cAAAAJ	2
Kf97-EkAAAAJ	LM_QwbUAAAAJ	4
kSuuj6UAAAAJ	MC6suuAAAAAJ	5
3hrNqygAAAAJ	JsK4KpMAAAAJ	3
UnDfo6sAAAAJ	DYZsiAIAAAAJ	2
SqMUez0AAAAJ	07ds-DAAAAAJ	3
E1jnOcUAAAAJ	rnBRPpQAAAAJ	10
-N-_kgsAAAAJ	n6wC7nwAAAAJ	1
MO3BwFMAAAAJ	vzxeLyIAAAAJ	8
4VJre9IAAAAJ	qPlUgrgAAAAJ	1
w_lm_toAAAAJ	Zc6X700AAAAJ	3
jsxk8vsAAAAJ	W362rUwAAAAJ	1
LiLwnssAAAAJ	M3he9Y8AAAAJ	1
NHZdlVkAAAAJ	KgZxzjsAAAAJ	3
wSPgTVwAAAAJ	YJVAXCwAAAAJ	8
J12C3nYAAAAJ	_4i-G3YAAAAJ	1
L05BN0sAAAAJ	y3zG4z8AAAAJ	7
mtB5szIAAAAJ	DSiNzkIAAAAJ	1
HRSDO6IAAAAJ	im5aMngAAAAJ	2
1qqf7D0AAAAJ	SBVuIBwAAAAJ	2
KgZxzjsAAAAJ	bh-uRFMAAAAJ	2
3qYUSDwAAAAJ	chP1Vc0AAAAJ	5
runT3RsAAAAJ	MrVb9FkAAAAJ	9
cPmMoXoAAAAJ	DZ3S--MAAAAJ	1
4bHLr_IAAAAJ	1guy5W4AAAAJ	1
54w2_AcAAAAJ	tFjo6FwAAAAJ	1
yQXfAWMAAAAJ	kJ_03NMAAAAJ	17
cuEHP_IAAAAJ	iBbfPfUAAAAJ	1
8GA4R2wAAAAJ	pHox8i0AAAAJ	1
CWj6pVcAAAAJ	yiiVQ1MAAAAJ	6
YRPveMcAAAAJ	x_7xA0UAAAAJ	7
KQm_HnIAAAAJ	33CH6WUAAAAJ	1
xWnnHzYAAAAJ	yepPD_cAAAAJ	3
pWQGJWEAAAAJ	p0tQZiAAAAAJ	6
8_Yj_RwAAAAJ	ZflJqeUAAAAJ	8
Js_zdpYAAAAJ	chP1Vc0AAAAJ	2
DYZsiAIAAAAJ	loPUpHQAAAAJ	1
aLOSzWwAAAAJ	fAxws1sAAAAJ	1
_D5W9yUAAAAJ	ZflJqeUAAAAJ	8
d-Zq1l0AAAAJ	x8UnxSoAAAAJ	1
xjVBcr4AAAAJ	ZRrTqs8AAAAJ	5
SHVhdhoAAAAJ	bnmsbZkAAAAJ	21
KQmFXsoAAAAJ	amDW89cAAAAJ	2
WZ-h67UAAAAJ	j9EXF1AAAAAJ	10
_U9bzEAAAAAJ	10iNskYAAAAJ	1
UYZGdYwAAAAJ	3DtMaPEAAAAJ	3
PfgeYGwAAAAJ	SnvLcLEAAAAJ	10
WHZiLTIAAAAJ	q_n7d6EAAAAJ	14
jTzDAsIAAAAJ	J12C3nYAAAAJ	1
HdLFmroAAAAJ	vEbcIKYAAAAJ	1
HM7WbsgAAAAJ	q4FqPgYAAAAJ	1
FVsf9rkAAAAJ	GHsoyKIAAAAJ	1
sWCpXFgAAAAJ	tCq7Wx0AAAAJ	2
PfgeYGwAAAAJ	YOVZiJkAAAAJ	25
qC7oNRUAAAAJ	KQm_HnIAAAAJ	20
vuKTnnsAAAAJ	KQmFXsoAAAAJ	1
rr944LsAAAAJ	_TxappgAAAAJ	2
v4s6ll8AAAAJ	hgZgvkUAAAAJ	7
rr944LsAAAAJ	M6QwrLAAAAAJ	1
_HDO25IAAAAJ	YCZYhF8AAAAJ	10
cPmMoXoAAAAJ	2A6PMfEAAAAJ	5
iBbfPfUAAAAJ	Nq_T4UwAAAAJ	2
0v5utcwAAAAJ	mZxsTCcAAAAJ	1
8_Yj_RwAAAAJ	o_a5zckAAAAJ	15
VjETp_wAAAAJ	ggKzpqIAAAAJ	1
WxJIpkcAAAAJ	Ay_j7dUAAAAJ	1
Qf4bw4UAAAAJ	FKbHXRUAAAAJ	1
cO2uYoAAAAAJ	IR0yJB8AAAAJ	1
SqMUez0AAAAJ	hmq4rGIAAAAJ	1
z17wdcsAAAAJ	M5_wxAkAAAAJ	10
FVsf9rkAAAAJ	x7huTU0AAAAJ	2
ojH7GEgAAAAJ	qC7oNRUAAAAJ	1
oizZKrsAAAAJ	1c5IZ0QAAAAJ	2
cA28Zs0AAAAJ	qC7oNRUAAAAJ	2
KQmFXsoAAAAJ	kI5JKs8AAAAJ	1
yQXfAWMAAAAJ	W362rUwAAAAJ	4
-DtKfGcAAAAJ	qVKYugIAAAAJ	3
3bSbb20AAAAJ	ZVMcyxYAAAAJ	2
7jKj_NcAAAAJ	vEbcIKYAAAAJ	54
LDb4tb0AAAAJ	JsK4KpMAAAAJ	7
OcAOpSUAAAAJ	-CVR2h8AAAAJ	7
sOI8QyoAAAAJ	QY-earAAAAAJ	1
LwNkL3cAAAAJ	KbaDWTMAAAAJ	4
bWOQjSIAAAAJ	_sz6oIoAAAAJ	2
V1Qym88AAAAJ	qfSkqSUAAAAJ	1
o3wWRZMAAAAJ	MMuP6cMAAAAJ	1
KQm_HnIAAAAJ	qPlUgrgAAAAJ	1
qoFYHTMAAAAJ	zZO9qG4AAAAJ	13
rLSUeLsAAAAJ	8_Yj_RwAAAAJ	1
PafZ2Z4AAAAJ	1qqf7D0AAAAJ	3
p_QR9RUAAAAJ	10iNskYAAAAJ	3
fAw_t5EAAAAJ	WV7XovQAAAAJ	2
jsxk8vsAAAAJ	nk3OcBoAAAAJ	1
sWCpXFgAAAAJ	uVBjUtAAAAAJ	5
bsotxTgAAAAJ	Nq_T4UwAAAAJ	1
LTL9MjwAAAAJ	zZO9qG4AAAAJ	3
J12C3nYAAAAJ	pHox8i0AAAAJ	1
hM8uAwoAAAAJ	d6CtlCkAAAAJ	27
FTYtHb4AAAAJ	vXHA_XYAAAAJ	2
VIwGymEAAAAJ	-6maX04AAAAJ	3
mFPXD90AAAAJ	A5vhsIYAAAAJ	18
visVQVUAAAAJ	NFmCFlsAAAAJ	1
L05BN0sAAAAJ	wY-Wy6IAAAAJ	1
YtFi-KkAAAAJ	Hzb4ZWEAAAAJ	24
uBbYp8gAAAAJ	kR7DersAAAAJ	1
vuKTnnsAAAAJ	rYsw7D4AAAAJ	6
HGTDp1UAAAAJ	y3_tUqsAAAAJ	3
cA28Zs0AAAAJ	n-Oret4AAAAJ	1
v5q00U8AAAAJ	_TxappgAAAAJ	8
cuRERDcAAAAJ	oz_MXbIAAAAJ	4
mIZu9oQAAAAJ	J12C3nYAAAAJ	1
q4FqPgYAAAAJ	y3_tUqsAAAAJ	1
UnDfo6sAAAAJ	forPRN8AAAAJ	66
G8GezxgAAAAJ	nfeNsaoAAAAJ	15
vME86a4AAAAJ	SBVuIBwAAAAJ	3
CWj6pVcAAAAJ	5HX--AYAAAAJ	1
Lym3wGUAAAAJ	SyQ-T8cAAAAJ	9
Cgx9W6UAAAAJ	n6wC7nwAAAAJ	6
HRSDO6IAAAAJ	3XYmsKQAAAAJ	1
AQG8WlcAAAAJ	xxN4UiEAAAAJ	5
qoFYHTMAAAAJ	UwV9710AAAAJ	10
T1P0XnIAAAAJ	MrVb9FkAAAAJ	4
-CVR2h8AAAAJ	nKVDcQoAAAAJ	3
_sz6oIoAAAAJ	I2PP9XoAAAAJ	1
3qYUSDwAAAAJ	nKVDcQoAAAAJ	11
G7D5O-0AAAAJ	pHox8i0AAAAJ	1
toODfV4AAAAJ	bNkvbPMAAAAJ	15
runT3RsAAAAJ	l9QQeHgAAAAJ	20
MC6suuAAAAAJ	x-cAH-AAAAAJ	2
mIZu9oQAAAAJ	mlw_NjoAAAAJ	1
c7reUlAAAAAJ	y3_tUqsAAAAJ	15
tCq7Wx0AAAAJ	kR7DersAAAAJ	2
VDhnOHEAAAAJ	z8NwFvcAAAAJ	1
04aoCmQAAAAJ	UwV9710AAAAJ	15
vzxeLyIAAAAJ	amDW89cAAAAJ	1
ZqTie5sAAAAJ	Zc6X700AAAAJ	11
w4_W1PkAAAAJ	v0GIoEgAAAAJ	2
HRSDO6IAAAAJ	-DVbMb4AAAAJ	1
VGoSakQAAAAJ	5c38WVcAAAAJ	13
P6qnxgcAAAAJ	HUxQ1TAAAAAJ	5
G7D5O-0AAAAJ	qPlUgrgAAAAJ	1
tCq7Wx0AAAAJ	W362rUwAAAAJ	5
mZxsTCcAAAAJ	jXTZEw4AAAAJ	2
4bHLr_IAAAAJ	ZflJqeUAAAAJ	6
2OJOZTUAAAAJ	T_r8IWQAAAAJ	2
LWAFHkEAAAAJ	4PzSxEMAAAAJ	34
Cgx9W6UAAAAJ	MMuP6cMAAAAJ	1
vXHA_XYAAAAJ	gy4UVGcAAAAJ	10
vXHA_XYAAAAJ	6ZHvHDEAAAAJ	3
nxuhv0wAAAAJ	3DtMaPEAAAAJ	1
SDY9FwUAAAAJ	XeYCNAwAAAAJ	3
SSNUvb8AAAAJ	tyYtUNIAAAAJ	10
DYZsiAIAAAAJ	forPRN8AAAAJ	2
ZqTie5sAAAAJ	CUkAtC4AAAAJ	2
W362rUwAAAAJ	SB3_eb0AAAAJ	3
xWnnHzYAAAAJ	z8NwFvcAAAAJ	1
SnvLcLEAAAAJ	-DVbMb4AAAAJ	2
8Kk2MugAAAAJ	P5eWdgsAAAAJ	2
jXTZEw4AAAAJ	CcSZwTsAAAAJ	1
nk3OcBoAAAAJ	XfYRqF4AAAAJ	4
G8GezxgAAAAJ	LWAFHkEAAAAJ	12
FWjqglcAAAAJ	MjoZWO8AAAAJ	1
KBRHCEEAAAAJ	FEj19lcAAAAJ	4
kI5JKs8AAAAJ	enpgnuQAAAAJ	3
HUxQ1TAAAAAJ	0-tewh8AAAAJ	11
SqMUez0AAAAJ	MYqlcPgAAAAJ	2
8Kk2MugAAAAJ	kSuuj6UAAAAJ	6
4VJre9IAAAAJ	33CH6WUAAAAJ	1
MC6suuAAAAAJ	P5eWdgsAAAAJ	2
10iNskYAAAAJ	c7reUlAAAAAJ	5
4VJre9IAAAAJ	n-Oret4AAAAJ	1
WxJIpkcAAAAJ	F2jhvIoAAAAJ	2
66qppJsAAAAJ	oizZKrsAAAAJ	5
-WVPmUkAAAAJ	_X-PrRkAAAAJ	35
VspDmN8AAAAJ	CcSZwTsAAAAJ	4
3bSbb20AAAAJ	w_lm_toAAAAJ	1
Kv9AbjMAAAAJ	qXb4xQMAAAAJ	1
HQeEzR0AAAAJ	nk3OcBoAAAAJ	1
rnR3JrYAAAAJ	Rt1a5-6vh4UC	1
uVBjUtAAAAAJ	1sMNiJIAAAAJ	5
s2o3_90AAAAJ	wSPgTVwAAAAJ	1
KgZxzjsAAAAJ	2E448xEAAAAJ	2
WZ-h67UAAAAJ	dewEBisAAAAJ	1
KQm_HnIAAAAJ	ZRrTqs8AAAAJ	3
_QU1opsAAAAJ	8KbzXvoAAAAJ	6
zZO9qG4AAAAJ	UwV9710AAAAJ	15
ojH7GEgAAAAJ	J0SKz5YAAAAJ	13
07ds-DAAAAAJ	hmq4rGIAAAAJ	3
4agt6FcAAAAJ	QgGaAdsAAAAJ	1
_C33NmEAAAAJ	ln3BGqgAAAAJ	1
_HDO25IAAAAJ	-DtKfGcAAAAJ	4
rr944LsAAAAJ	pWQGJWEAAAAJ	7
VMFWEMcAAAAJ	kR7DersAAAAJ	2
lf9ZK78AAAAJ	3-y3qmkAAAAJ	3
yexUDMQAAAAJ	YJVAXCwAAAAJ	2
LDb4tb0AAAAJ	zfTbkBkAAAAJ	3
OQ4t3U4AAAAJ	PRCbG2kAAAAJ	11
WwadVmIAAAAJ	F2jhvIoAAAAJ	17
oRlrVsAAAAAJ	C4m8TSUAAAAJ	6
3HjjRz8AAAAJ	PLKoRXsAAAAJ	1
bWOQjSIAAAAJ	VVYP3bgAAAAJ	3
s4yZTp4AAAAJ	2A6PMfEAAAAJ	1
uBbYp8gAAAAJ	fAw_t5EAAAAJ	2
M5_wxAkAAAAJ	jR3NLMsAAAAJ	9
CWj6pVcAAAAJ	oz_MXbIAAAAJ	16
vME86a4AAAAJ	PafZ2Z4AAAAJ	3
aTpJ0fcAAAAJ	yexUDMQAAAAJ	1
tCq7Wx0AAAAJ	VMFWEMcAAAAJ	10
PLKoRXsAAAAJ	rr944LsAAAAJ	3
l9UHHYgAAAAJ	CWj6pVcAAAAJ	19
LWAFHkEAAAAJ	c7reUlAAAAAJ	69
cA28Zs0AAAAJ	hc1m_BQAAAAJ	12
PfgeYGwAAAAJ	t4rXchwAAAAJ	2
8GA4R2wAAAAJ	rnBRPpQAAAAJ	1
xWnnHzYAAAAJ	VDhnOHEAAAAJ	3
Xv5EbpcAAAAJ	wY-Wy6IAAAAJ	13
p_QR9RUAAAAJ	y3_tUqsAAAAJ	7
CYwffSUAAAAJ	tCq7Wx0AAAAJ	14
rQ8F7rIAAAAJ	m4gr7P8AAAAJ	27
WwadVmIAAAAJ	8VfMkGsAAAAJ	11
No-GJRQAAAAJ	eYVXgAoAAAAJ	1
gWBoNCsAAAAJ	XTakCM0AAAAJ	3
PLKoRXsAAAAJ	YbSq5T0AAAAJ	2
Js_zdpYAAAAJ	3qYUSDwAAAAJ	2
9s9o-JcAAAAJ	tLrQhzIAAAAJ	1
LWAFHkEAAAAJ	q_n7d6EAAAAJ	1
6_oL_9IAAAAJ	cPmMoXoAAAAJ	12
-WVPmUkAAAAJ	e49cxvUAAAAJ	8
IR0yJB8AAAAJ	6ZHvHDEAAAAJ	3
vm1u2DEAAAAJ	nngRAEYAAAAJ	1
HM7WbsgAAAAJ	4PzSxEMAAAAJ	16
QY-earAAAAAJ	qfSkqSUAAAAJ	9
WxJIpkcAAAAJ	BzzEEc0AAAAJ	4
MYqlcPgAAAAJ	Cgx9W6UAAAAJ	1
toODfV4AAAAJ	x-cAH-AAAAAJ	7
im5aMngAAAAJ	FtbGhBQAAAAJ	1
oRlrVsAAAAAJ	AQG8WlcAAAAJ	19
-N-_kgsAAAAJ	QRyCQq4AAAAJ	1
NByrsK0AAAAJ	f0DADzYAAAAJ	3
lgkJg6EAAAAJ	fv1RjgEAAAAJ	2
pWQGJWEAAAAJ	ggKzpqIAAAAJ	11
owqUYWMAAAAJ	FBR3XoEAAAAJ	5
ujIV4gUAAAAJ	bNkvbPMAAAAJ	1
FtbGhBQAAAAJ	8rw_o7UAAAAJ	1
OJ2WdXAAAAAJ	YJVAXCwAAAAJ	15
5P3knO0AAAAJ	ZOh4TtIAAAAJ	3
6qDjHUAAAAAJ	WKzKz9gAAAAJ	3
5ZpsRswAAAAJ	86AWJ58AAAAJ	1
rr944LsAAAAJ	w4_W1PkAAAAJ	1
-cuxoSQAAAAJ	XLU7AuYAAAAJ	2
4VJre9IAAAAJ	pHox8i0AAAAJ	22
VVpfyhsAAAAJ	6_oL_9IAAAAJ	1
MO3BwFMAAAAJ	emsMY_sAAAAJ	2
_U9bzEAAAAAJ	hgZgvkUAAAAJ	1
s4yZTp4AAAAJ	KgZxzjsAAAAJ	1
sWCpXFgAAAAJ	nk3OcBoAAAAJ	2
YbSq5T0AAAAJ	YhFEmpMAAAAJ	8
L05BN0sAAAAJ	8rw_o7UAAAAJ	10
MYFF5l4AAAAJ	z17wdcsAAAAJ	7
G5_VFfkAAAAJ	8kA3eDwAAAAJ	4
Js_zdpYAAAAJ	nKVDcQoAAAAJ	16
H7vcwSAAAAAJ	XM97iScAAAAJ	5
DqCFHY8AAAAJ	FreXC9IAAAAJ	4
ClBxwZkAAAAJ	ftAplLUAAAAJ	1
aLOSzWwAAAAJ	cA28Zs0AAAAJ	1
2OJOZTUAAAAJ	3XYmsKQAAAAJ	2
vEbcIKYAAAAJ	3RV_GAwAAAAJ	3
zZO9qG4AAAAJ	n-Oret4AAAAJ	3
-iEm2rUAAAAJ	UcbMN8QAAAAJ	1
cA28Zs0AAAAJ	tCq7Wx0AAAAJ	4
CWj6pVcAAAAJ	rLSUeLsAAAAJ	1
hM8uAwoAAAAJ	gwB_pJcAAAAJ	2
p_QR9RUAAAAJ	tLrQhzIAAAAJ	2
cPmMoXoAAAAJ	UcpEexUAAAAJ	1
HGTDp1UAAAAJ	nfeNsaoAAAAJ	6
tCq7Wx0AAAAJ	pHox8i0AAAAJ	1
mIZu9oQAAAAJ	30pCSfEAAAAJ	1
Pi012CQAAAAJ	XzBeCwIAAAAJ	11
9s9o-JcAAAAJ	G8GezxgAAAAJ	1
2nmHOtoAAAAJ	DSiNzkIAAAAJ	9
SXutMMAAAAAJ	HUxQ1TAAAAAJ	4
L9dwKyUAAAAJ	ctlAGI0AAAAJ	1
bsotxTgAAAAJ	vHsgntwAAAAJ	1
0v5utcwAAAAJ	bh-uRFMAAAAJ	1
LiLwnssAAAAJ	X6vPtQEAAAAJ	3
qXb4xQMAAAAJ	pHox8i0AAAAJ	1
VdzVqCwAAAAJ	N1vnxn4AAAAJ	6
xWnnHzYAAAAJ	Q29WmWwAAAAJ	4
V1Qym88AAAAJ	QY-earAAAAAJ	16
1guy5W4AAAAJ	ZflJqeUAAAAJ	2
tCq7Wx0AAAAJ	kI5JKs8AAAAJ	7
vm1u2DEAAAAJ	Icl5BnYAAAAJ	1
3bSbb20AAAAJ	fhOi--4AAAAJ	2
M6urChQAAAAJ	pHox8i0AAAAJ	4
LTL9MjwAAAAJ	4K7L-eAAAAAJ	1
pxp6lUEAAAAJ	wSPgTVwAAAAJ	1
XqI4gAYAAAAJ	G8GezxgAAAAJ	8
vuKTnnsAAAAJ	1sMNiJIAAAAJ	1
jTzDAsIAAAAJ	vEbcIKYAAAAJ	1
rr944LsAAAAJ	ggKzpqIAAAAJ	12
g_JVzmIAAAAJ	-6maX04AAAAJ	2
G8GezxgAAAAJ	tLrQhzIAAAAJ	1
qC7oNRUAAAAJ	30pCSfEAAAAJ	16
xxIrRjcAAAAJ	TZRFXM8AAAAJ	2
qPlUgrgAAAAJ	pHox8i0AAAAJ	14
vuKTnnsAAAAJ	yQXfAWMAAAAJ	1
UnDfo6sAAAAJ	5P3knO0AAAAJ	32
4tcxRqMAAAAJ	vm1u2DEAAAAJ	1
10iNskYAAAAJ	G8GezxgAAAAJ	1
tCq7Wx0AAAAJ	toODfV4AAAAJ	1
J12C3nYAAAAJ	33CH6WUAAAAJ	1
M5_wxAkAAAAJ	m4gr7P8AAAAJ	23
P6qnxgcAAAAJ	0-tewh8AAAAJ	5
MYqlcPgAAAAJ	GUAoEcAAAAAJ	2
jTzDAsIAAAAJ	30pCSfEAAAAJ	5
55pOyCkAAAAJ	VVYP3bgAAAAJ	17
DYZsiAIAAAAJ	5P3knO0AAAAJ	1
cA28Zs0AAAAJ	T1P0XnIAAAAJ	1
2X6fAZgAAAAJ	3DtMaPEAAAAJ	1
4agt6FcAAAAJ	3kp_a7EAAAAJ	8
DYZsiAIAAAAJ	dMVI-XIAAAAJ	5
ggKzpqIAAAAJ	tyYtUNIAAAAJ	8
BkygZFsAAAAJ	ymDJ6oIAAAAJ	2
Kv9AbjMAAAAJ	mL6QKeQAAAAJ	1
rnR3JrYAAAAJ	s4yZTp4AAAAJ	1
DYZsiAIAAAAJ	1qqf7D0AAAAJ	1
G8GezxgAAAAJ	y3_tUqsAAAAJ	2
OJ2WdXAAAAAJ	wSPgTVwAAAAJ	3
cuRERDcAAAAJ	0-tewh8AAAAJ	4
p_QR9RUAAAAJ	q4FqPgYAAAAJ	2
runT3RsAAAAJ	tyYtUNIAAAAJ	1
0zZnyMEAAAAJ	8iQk0DIAAAAJ	1
WH2KmRgAAAAJ	bh-uRFMAAAAJ	1
p_QR9RUAAAAJ	z17wdcsAAAAJ	11
rynvwScAAAAJ	gdD2E9QAAAAJ	4
CPqBDqUAAAAJ	oVygx30AAAAJ	2
gWBoNCsAAAAJ	WRlzk3UAAAAJ	3
SB3_eb0AAAAJ	Rt1a5-6vh4UC	2
33CH6WUAAAAJ	pHox8i0AAAAJ	1
LWAFHkEAAAAJ	q4FqPgYAAAAJ	5
ghPIMpgAAAAJ	ZflJqeUAAAAJ	5
yexUDMQAAAAJ	wSPgTVwAAAAJ	6
pjK2mQwAAAAJ	-CVR2h8AAAAJ	1
VP-d_2gAAAAJ	0-tewh8AAAAJ	3
DSiNzkIAAAAJ	nKVDcQoAAAAJ	1
ZflJqeUAAAAJ	E1knViwAAAAJ	6
I1RqBRoAAAAJ	oRlrVsAAAAAJ	3
forPRN8AAAAJ	loPUpHQAAAAJ	17
n-Oret4AAAAJ	T1P0XnIAAAAJ	1
KQm_HnIAAAAJ	pHox8i0AAAAJ	1
F6tblNcAAAAJ	Gu-FyNMAAAAJ	6
PLKoRXsAAAAJ	p0tQZiAAAAAJ	8
forPRN8AAAAJ	jtOKGpIAAAAJ	1
wY-Wy6IAAAAJ	uVBjUtAAAAAJ	7
y3_tUqsAAAAJ	4PzSxEMAAAAJ	7
YCZYhF8AAAAJ	qVKYugIAAAAJ	4
oRlrVsAAAAAJ	QPzaSSsAAAAJ	3
zZO9qG4AAAAJ	4K7L-eAAAAAJ	14
mgva3UgAAAAJ	FEj19lcAAAAJ	1
hgZgvkUAAAAJ	JsK4KpMAAAAJ	8
g_JVzmIAAAAJ	Lym3wGUAAAAJ	14
ggKzpqIAAAAJ	YbSq5T0AAAAJ	29
GlBl-VUAAAAJ	ZflJqeUAAAAJ	4
Q_4d9N0AAAAJ	8kA3eDwAAAAJ	1
KQm_HnIAAAAJ	J12C3nYAAAAJ	1
yvvjnhIAAAAJ	G7D5O-0AAAAJ	4
im5aMngAAAAJ	8rw_o7UAAAAJ	1
Qf4bw4UAAAAJ	Q5KT-hEAAAAJ	1
_4i-G3YAAAAJ	ZRrTqs8AAAAJ	1
NByrsK0AAAAJ	VMFWEMcAAAAJ	6
f9iP-80AAAAJ	qfSkqSUAAAAJ	1
x7huTU0AAAAJ	VdzVqCwAAAAJ	4
NByrsK0AAAAJ	kI5JKs8AAAAJ	2
6ZHvHDEAAAAJ	gy4UVGcAAAAJ	1
jR3NLMsAAAAJ	m4gr7P8AAAAJ	10
IR0yJB8AAAAJ	vXHA_XYAAAAJ	55
b9Bod2MAAAAJ	SRUYLREAAAAJ	1
p_QR9RUAAAAJ	m4gr7P8AAAAJ	27
KQmFXsoAAAAJ	rYsw7D4AAAAJ	7
4bHLr_IAAAAJ	_D5W9yUAAAAJ	2
CWj6pVcAAAAJ	cuRERDcAAAAJ	2
oRlrVsAAAAAJ	xxN4UiEAAAAJ	8
h9Tji70AAAAJ	SXutMMAAAAAJ	11
UeG5w08AAAAJ	QY-earAAAAAJ	1
o_a5zckAAAAJ	ZflJqeUAAAAJ	2
NHZdlVkAAAAJ	tCq7Wx0AAAAJ	14
MYqlcPgAAAAJ	QRyCQq4AAAAJ	1
5_2_THUAAAAJ	C4m8TSUAAAAJ	6
-6maX04AAAAJ	Lym3wGUAAAAJ	2
JsK4KpMAAAAJ	uVBjUtAAAAAJ	1
XqI4gAYAAAAJ	q4FqPgYAAAAJ	1
qoFYHTMAAAAJ	s4yZTp4AAAAJ	1
p_QR9RUAAAAJ	HGTDp1UAAAAJ	6
_HYCqwkAAAAJ	h9Tji70AAAAJ	1
kSuuj6UAAAAJ	3oPjTK4AAAAJ	3
d-Zq1l0AAAAJ	lnC1vbAAAAAJ	3
runT3RsAAAAJ	oN85b_gAAAAJ	22
_D5W9yUAAAAJ	E1knViwAAAAJ	2
pjK2mQwAAAAJ	YAgmYI8AAAAJ	8
-0LFOnYAAAAJ	SnvLcLEAAAAJ	1
FWjqglcAAAAJ	yepPD_cAAAAJ	1
_4i-G3YAAAAJ	M6urChQAAAAJ	2
P5eWdgsAAAAJ	UcbMN8QAAAAJ	1
rQ8F7rIAAAAJ	Gk5QsRoAAAAJ	1
H4TdGyYAAAAJ	MjoZWO8AAAAJ	1
iBbfPfUAAAAJ	0YxIvbEAAAAJ	2
J0SKz5YAAAAJ	G7D5O-0AAAAJ	1
MYFF5l4AAAAJ	m4gr7P8AAAAJ	9
N_Z79YgAAAAJ	_D5W9yUAAAAJ	1
h9Tji70AAAAJ	HUxQ1TAAAAAJ	22
yQXfAWMAAAAJ	fAw_t5EAAAAJ	34
MYqlcPgAAAAJ	hmq4rGIAAAAJ	1
XLU7AuYAAAAJ	1qqf7D0AAAAJ	1
sWCpXFgAAAAJ	G7D5O-0AAAAJ	10
v5q00U8AAAAJ	YhFEmpMAAAAJ	1
cGCalUQAAAAJ	JsK4KpMAAAAJ	9
tCq7Wx0AAAAJ	KQmFXsoAAAAJ	9
VP-d_2gAAAAJ	_HYCqwkAAAAJ	1
UK-VpDoAAAAJ	8iQk0DIAAAAJ	1
forPRN8AAAAJ	ZOh4TtIAAAAJ	6
-CVR2h8AAAAJ	CcSZwTsAAAAJ	3
27EtyNkAAAAJ	1qqf7D0AAAAJ	1
tyYtUNIAAAAJ	yC-70wMAAAAJ	1
5P3knO0AAAAJ	loPUpHQAAAAJ	6
Cgx9W6UAAAAJ	GUAoEcAAAAAJ	1
yQXfAWMAAAAJ	1sMNiJIAAAAJ	1
vuKTnnsAAAAJ	d6maXN8AAAAJ	7
oN85b_gAAAAJ	MrVb9FkAAAAJ	1
cuEHP_IAAAAJ	pxp6lUEAAAAJ	1
P6qnxgcAAAAJ	oz_MXbIAAAAJ	5
UruIct4AAAAJ	q92q8SMAAAAJ	6
qC7oNRUAAAAJ	mIZu9oQAAAAJ	7
kSuuj6UAAAAJ	P5eWdgsAAAAJ	1
rRBwhFwAAAAJ	P5eWdgsAAAAJ	5
kI5JKs8AAAAJ	uVBjUtAAAAAJ	3
-0LFOnYAAAAJ	ptI-HHkAAAAJ	4
3HjjRz8AAAAJ	rr944LsAAAAJ	2
cuRERDcAAAAJ	P6qnxgcAAAAJ	3
cA28Zs0AAAAJ	mIZu9oQAAAAJ	1
4VJre9IAAAAJ	cPmMoXoAAAAJ	1
AQG8WlcAAAAJ	g4DdvyEAAAAJ	6
cuEHP_IAAAAJ	L9dwKyUAAAAJ	1
Qf4bw4UAAAAJ	6_oL_9IAAAAJ	2
PfgeYGwAAAAJ	QgDpfCQAAAAJ	1
Kv9AbjMAAAAJ	im5aMngAAAAJ	1
XgifkSsAAAAJ	x_7xA0UAAAAJ	3
N_Z79YgAAAAJ	DLVFrFAAAAAJ	3
bWOQjSIAAAAJ	VjETp_wAAAAJ	3
36SCzI0AAAAJ	QgGaAdsAAAAJ	2
WZ-h67UAAAAJ	L05BN0sAAAAJ	18
o_a5zckAAAAJ	DLVFrFAAAAAJ	6
toODfV4AAAAJ	uVBjUtAAAAAJ	3
LTL9MjwAAAAJ	2A6PMfEAAAAJ	1
pWQGJWEAAAAJ	YbSq5T0AAAAJ	4
tpoh43QAAAAJ	HRSDO6IAAAAJ	1
4xHzvxkAAAAJ	DZ3S--MAAAAJ	1
09JS7eAAAAAJ	ymDJ6oIAAAAJ	3
VdzVqCwAAAAJ	MeSHpCsAAAAJ	1
YRPveMcAAAAJ	DWKoeW0AAAAJ	1
YRPveMcAAAAJ	FDu4ciwAAAAJ	2
YOZbkCEAAAAJ	tCq7Wx0AAAAJ	1
Q29WmWwAAAAJ	_ZIAy3cAAAAJ	1
NByrsK0AAAAJ	mL6QKeQAAAAJ	1
DYZsiAIAAAAJ	vME86a4AAAAJ	11
8KbzXvoAAAAJ	8ZtyZjAAAAAJ	8
WRlzk3UAAAAJ	W362rUwAAAAJ	2
XqI4gAYAAAAJ	y3_tUqsAAAAJ	5
qC7oNRUAAAAJ	e3_l6fwAAAAJ	4
8Kk2MugAAAAJ	MC6suuAAAAAJ	4
SqMUez0AAAAJ	Qf4bw4UAAAAJ	4
KvPSD8EAAAAJ	q92q8SMAAAAJ	2
cA28Zs0AAAAJ	33CH6WUAAAAJ	1
Q29WmWwAAAAJ	z8NwFvcAAAAJ	1
10iNskYAAAAJ	hgZgvkUAAAAJ	1
n-Oret4AAAAJ	Qf4bw4UAAAAJ	1
M3he9Y8AAAAJ	X6vPtQEAAAAJ	4
0WVyaVMAAAAJ	iBgmo3sAAAAJ	2
4xHzvxkAAAAJ	FEj19lcAAAAJ	4
tCq7Wx0AAAAJ	fAw_t5EAAAAJ	2
yvvjnhIAAAAJ	83an8lYAAAAJ	15
5ZpsRswAAAAJ	W_6Skd4AAAAJ	9
-N-_kgsAAAAJ	GUAoEcAAAAAJ	3
XqI4gAYAAAAJ	c7reUlAAAAAJ	26
rynvwScAAAAJ	d6vuvHIAAAAJ	1
XgifkSsAAAAJ	YRPveMcAAAAJ	1
CWj6pVcAAAAJ	P6qnxgcAAAAJ	8
Viv2E9AAAAAJ	HgaNy9kAAAAJ	7
2X6fAZgAAAAJ	bOKmjf8AAAAJ	5
cuRERDcAAAAJ	HUxQ1TAAAAAJ	29
HRSDO6IAAAAJ	VQshP6UAAAAJ	3
10iNskYAAAAJ	lf9ZK78AAAAJ	1
XLU7AuYAAAAJ	yC-70wMAAAAJ	1
_TxappgAAAAJ	ggKzpqIAAAAJ	22
lnC1vbAAAAAJ	c8LH7zUAAAAJ	13
LTL9MjwAAAAJ	KgZxzjsAAAAJ	6
HdLFmroAAAAJ	2YZITOgAAAAJ	1
PMjIXFIAAAAJ	lELCubQAAAAJ	2
O-QzGusAAAAJ	db9WLdcAAAAJ	1
avGnwvwAAAAJ	cuRERDcAAAAJ	1
NByrsK0AAAAJ	amDW89cAAAAJ	3
-DtKfGcAAAAJ	g_c8sA0AAAAJ	2
SqMUez0AAAAJ	GUAoEcAAAAAJ	12
CWj6pVcAAAAJ	-6maX04AAAAJ	1
x7huTU0AAAAJ	HlxqS1MAAAAJ	1
CWj6pVcAAAAJ	h9Tji70AAAAJ	1
_4i-G3YAAAAJ	33CH6WUAAAAJ	2
5HX--AYAAAAJ	8wVcLRsAAAAJ	1
-0LFOnYAAAAJ	PEEpuNwAAAAJ	7
NByrsK0AAAAJ	uBbYp8gAAAAJ	1
TZRFXM8AAAAJ	8KbzXvoAAAAJ	2
zZO9qG4AAAAJ	UcpEexUAAAAJ	37
gWBoNCsAAAAJ	NafmldkAAAAJ	5
5ZpsRswAAAAJ	UcbMN8QAAAAJ	5
ZqTie5sAAAAJ	6nuM6rcAAAAJ	3
_VsL6mAAAAAJ	pT7rjkQAAAAJ	3
zZO9qG4AAAAJ	cPmMoXoAAAAJ	6
VIwGymEAAAAJ	LwNkL3cAAAAJ	5
sMSUuY8AAAAJ	tyYtUNIAAAAJ	12
DLVFrFAAAAAJ	9TpPcjoAAAAJ	4
d6vuvHIAAAAJ	WH2KmRgAAAAJ	3
WwadVmIAAAAJ	1o_wrqsAAAAJ	9
d-Zq1l0AAAAJ	c8LH7zUAAAAJ	1
gwB_pJcAAAAJ	d6CtlCkAAAAJ	1
UeG5w08AAAAJ	CUkAtC4AAAAJ	1
aTpJ0fcAAAAJ	uVBjUtAAAAAJ	1
cA28Zs0AAAAJ	pHox8i0AAAAJ	4
XqI4gAYAAAAJ	HM7WbsgAAAAJ	21
3JRh4RUAAAAJ	JsK4KpMAAAAJ	3
rr944LsAAAAJ	v5q00U8AAAAJ	3
Qf4bw4UAAAAJ	hmq4rGIAAAAJ	1
VIwGymEAAAAJ	SyQ-T8cAAAAJ	4
_X-PrRkAAAAJ	e49cxvUAAAAJ	8
0zZnyMEAAAAJ	bh-uRFMAAAAJ	1
p_QR9RUAAAAJ	HM7WbsgAAAAJ	17
HlxqS1MAAAAJ	mvdw03oAAAAJ	1
avGnwvwAAAAJ	ptI-HHkAAAAJ	7
Be1OTOcAAAAJ	3DtMaPEAAAAJ	1
cA28Zs0AAAAJ	mlw_NjoAAAAJ	1
gWBoNCsAAAAJ	V0XEUMAAAAAJ	1
zZO9qG4AAAAJ	s4yZTp4AAAAJ	12
4VJre9IAAAAJ	T1P0XnIAAAAJ	1
T1P0XnIAAAAJ	hc1m_BQAAAAJ	1
N_Z79YgAAAAJ	E1knViwAAAAJ	2
8kA3eDwAAAAJ	XM97iScAAAAJ	6
RJCmtBcAAAAJ	Da-s1FQAAAAJ	21
x8UnxSoAAAAJ	XeYCNAwAAAAJ	2
lELCubQAAAAJ	pT7rjkQAAAAJ	3
36SCzI0AAAAJ	xPoCswkAAAAJ	1
4VJre9IAAAAJ	tCq7Wx0AAAAJ	4
g9yhtN8AAAAJ	Z03FLwkAAAAJ	4
p_QR9RUAAAAJ	G8GezxgAAAAJ	11
10iNskYAAAAJ	HM7WbsgAAAAJ	3
bWOQjSIAAAAJ	BIpt-3MAAAAJ	1
cilyP7wAAAAJ	nM77MX0AAAAJ	2
2Qlrv_cAAAAJ	z17wdcsAAAAJ	1
0RPdShUAAAAJ	VDhnOHEAAAAJ	2
WRlzk3UAAAAJ	rE1Y8DoAAAAJ	1
KbaDWTMAAAAJ	vm1u2DEAAAAJ	1
0pp-L_IAAAAJ	WV7XovQAAAAJ	1
d-Zq1l0AAAAJ	g9yhtN8AAAAJ	1
DYZsiAIAAAAJ	SBVuIBwAAAAJ	1
xjvr4yEAAAAJ	6k7bp8IAAAAJ	2
gWBoNCsAAAAJ	SB3_eb0AAAAJ	6
ptI-HHkAAAAJ	YOVZiJkAAAAJ	9
TWXJxcAAAAAJ	SB3_eb0AAAAJ	19
rLSUeLsAAAAJ	HUxQ1TAAAAAJ	3
8_Yj_RwAAAAJ	DLVFrFAAAAAJ	6
WKzKz9gAAAAJ	HgaNy9kAAAAJ	20
klpr-t0AAAAJ	SRUYLREAAAAJ	1
lELCubQAAAAJ	6k7bp8IAAAAJ	2
oz_MXbIAAAAJ	vHsgntwAAAAJ	2
runT3RsAAAAJ	GBGCjpQAAAAJ	1
3HjjRz8AAAAJ	v5q00U8AAAAJ	3
LwNkL3cAAAAJ	Lym3wGUAAAAJ	1
FTYtHb4AAAAJ	IR0yJB8AAAAJ	9
z17wdcsAAAAJ	m4gr7P8AAAAJ	10
xxIrRjcAAAAJ	_QU1opsAAAAJ	5
bh-uRFMAAAAJ	9xDADY4AAAAJ	26
xjvr4yEAAAAJ	pT7rjkQAAAAJ	23
nk3OcBoAAAAJ	wY-Wy6IAAAAJ	1
KQm_HnIAAAAJ	_4i-G3YAAAAJ	1
DPZuUtIAAAAJ	q7HqHocAAAAJ	6
BDZ2z6YAAAAJ	h9Tji70AAAAJ	1
fAw_t5EAAAAJ	n6wC7nwAAAAJ	1
LwNkL3cAAAAJ	M9RDPB0AAAAJ	1
gIqECGgAAAAJ	SDY9FwUAAAAJ	2
oRlrVsAAAAAJ	tHNXlAYAAAAJ	1
NHZdlVkAAAAJ	88L1-JYAAAAJ	4
L9dwKyUAAAAJ	wSPgTVwAAAAJ	1
BkygZFsAAAAJ	ln3BGqgAAAAJ	1
HQeEzR0AAAAJ	-NdFqI_E8z4C	2
VIwGymEAAAAJ	M9RDPB0AAAAJ	1
N_Z79YgAAAAJ	ZflJqeUAAAAJ	18
YOZbkCEAAAAJ	hc1m_BQAAAAJ	1
SqMUez0AAAAJ	QRyCQq4AAAAJ	8
4VJre9IAAAAJ	hc1m_BQAAAAJ	23
t4rXchwAAAAJ	HRSDO6IAAAAJ	1
55pOyCkAAAAJ	3HjjRz8AAAAJ	1
LiLwnssAAAAJ	L05BN0sAAAAJ	2
3oPjTK4AAAAJ	n7HDm44AAAAJ	3
ptI-HHkAAAAJ	KgZxzjsAAAAJ	1
L05BN0sAAAAJ	dewEBisAAAAJ	1
8VfMkGsAAAAJ	BzzEEc0AAAAJ	4
2X6fAZgAAAAJ	x8UnxSoAAAAJ	1
4VJre9IAAAAJ	uBbYp8gAAAAJ	1
vME86a4AAAAJ	1qqf7D0AAAAJ	14
yepPD_cAAAAJ	FKbHXRUAAAAJ	1
_HYCqwkAAAAJ	0-tewh8AAAAJ	1
CUkAtC4AAAAJ	sOI8QyoAAAAJ	1
-cuxoSQAAAAJ	loPUpHQAAAAJ	59
VP-d_2gAAAAJ	cuRERDcAAAAJ	7
toODfV4AAAAJ	q7HqHocAAAAJ	12
rnBRPpQAAAAJ	ZRrTqs8AAAAJ	2
vME86a4AAAAJ	AsMU1QsAAAAJ	3
PLKoRXsAAAAJ	YhFEmpMAAAAJ	6
3bSbb20AAAAJ	CUkAtC4AAAAJ	5
d-Zq1l0AAAAJ	53HX4X8AAAAJ	7
HGTDp1UAAAAJ	c7reUlAAAAAJ	13
cza7nLcAAAAJ	-CVR2h8AAAAJ	12
L05BN0sAAAAJ	2VMMsmsAAAAJ	25
09JS7eAAAAAJ	ln3BGqgAAAAJ	3
olCWoa8AAAAJ	-iEm2rUAAAAJ	8
VP-d_2gAAAAJ	oz_MXbIAAAAJ	1
DqCFHY8AAAAJ	HleefHQAAAAJ	4
VMFWEMcAAAAJ	uBbYp8gAAAAJ	4
0zZnyMEAAAAJ	oizZKrsAAAAJ	3
-0LFOnYAAAAJ	YOVZiJkAAAAJ	45
T1lNNLkAAAAJ	w_lm_toAAAAJ	3
8_Yj_RwAAAAJ	X6vPtQEAAAAJ	1
oizZKrsAAAAJ	9xDADY4AAAAJ	2
tCq7Wx0AAAAJ	G7D5O-0AAAAJ	27
enpgnuQAAAAJ	uVBjUtAAAAAJ	1
IR0yJB8AAAAJ	gy4UVGcAAAAJ	8
wY-Wy6IAAAAJ	tLrQhzIAAAAJ	1
HM7WbsgAAAAJ	c7reUlAAAAAJ	24
WZ-h67UAAAAJ	X6vPtQEAAAAJ	14
5HX--AYAAAAJ	FTYtHb4AAAAJ	1
HdLFmroAAAAJ	BAdQpFkAAAAJ	1
5ZpsRswAAAAJ	6RwHMzQAAAAJ	1
6RwHMzQAAAAJ	-iqhJgQAAAAJ	1
UnDfo6sAAAAJ	upREfesAAAAJ	1
ujIV4gUAAAAJ	toODfV4AAAAJ	1
FWjqglcAAAAJ	z8NwFvcAAAAJ	8
CUkAtC4AAAAJ	qfSkqSUAAAAJ	5
gIqECGgAAAAJ	g9yhtN8AAAAJ	5
3L2Ih0wAAAAJ	gyL3CZ0AAAAJ	1
3HjjRz8AAAAJ	_TxappgAAAAJ	4
6nuM6rcAAAAJ	w_lm_toAAAAJ	4
2nmHOtoAAAAJ	d6vuvHIAAAAJ	1
YtFi-KkAAAAJ	5QYkLKoAAAAJ	3
QY-earAAAAAJ	dgobB6AAAAAJ	16
w7Mnkc4AAAAJ	-CVR2h8AAAAJ	8
ftAplLUAAAAJ	XLU7AuYAAAAJ	1
wSPgTVwAAAAJ	0YxIvbEAAAAJ	1
3-y3qmkAAAAJ	6ZHvHDEAAAAJ	1
WZ-h67UAAAAJ	y3zG4z8AAAAJ	2
rynvwScAAAAJ	XM97iScAAAAJ	4
oRlrVsAAAAAJ	6gWs-scAAAAJ	3
t4rXchwAAAAJ	tHNANpEAAAAJ	1
GUAoEcAAAAAJ	07ds-DAAAAAJ	6
w4_W1PkAAAAJ	amDW89cAAAAJ	1
NFmCFlsAAAAJ	HlxqS1MAAAAJ	1
ASf9Q04AAAAJ	vEbcIKYAAAAJ	5
PLKoRXsAAAAJ	pWQGJWEAAAAJ	53
f3dhjoYAAAAJ	1qqf7D0AAAAJ	1
Q29WmWwAAAAJ	1sMNiJIAAAAJ	1
eEdKpQgAAAAJ	ZmiirIwAAAAJ	1
cA28Zs0AAAAJ	4VJre9IAAAAJ	22
tCq7Wx0AAAAJ	uVBjUtAAAAAJ	4
tiFit0cAAAAJ	WwadVmIAAAAJ	2
INUmPLsAAAAJ	E0nK44AAAAAJ	1
HM7WbsgAAAAJ	y3_tUqsAAAAJ	6
J0SKz5YAAAAJ	qPlUgrgAAAAJ	71
XqI4gAYAAAAJ	HGTDp1UAAAAJ	21
toODfV4AAAAJ	CcSZwTsAAAAJ	1
UnDfo6sAAAAJ	loPUpHQAAAAJ	35
Kv9AbjMAAAAJ	FtbGhBQAAAAJ	2
L9dwKyUAAAAJ	83an8lYAAAAJ	1
-goooIUAAAAJ	No-GJRQAAAAJ	1
VGoSakQAAAAJ	2X6fAZgAAAAJ	1
NByrsK0AAAAJ	88L1-JYAAAAJ	1
qC7oNRUAAAAJ	FlZ-5sMAAAAJ	8
L-pC28sAAAAJ	F2jhvIoAAAAJ	2
10iNskYAAAAJ	HGTDp1UAAAAJ	6
p_QR9RUAAAAJ	2Qlrv_cAAAAJ	1
tCq7Wx0AAAAJ	J0SKz5YAAAAJ	1
pkjoANMAAAAJ	n6wC7nwAAAAJ	10
4bHLr_IAAAAJ	DLVFrFAAAAAJ	4
W2XJUmUAAAAJ	JsK4KpMAAAAJ	2
mgva3UgAAAAJ	f9iP-80AAAAJ	1
6nuM6rcAAAAJ	Zc6X700AAAAJ	3
